,$,フリガナ,フリガナ2,属性ラベル,,,Word,フリガナ,フリガナ2,属性ラベル
,ENEOS,エネオス,,組織名,,,Empath,エンパス,,組織名
,宇佐美鉱油,ウサミコウユ,,組織名,,,諏訪,スワ,,人名
,ドラEVER,ドラエバー,,製品名,,,下地,シモジ,,人名
,トラボックス,トラボックス,,製品名,,,山崎,ヤマサキ,,人名
,宮城徹,ミヤギトール,,人名,,,NAONA,ナオナ,,その他
,福岡,フクオカ,,地名,,,WAV,ワブ,,その他
,インフォマティカ,インフォマティカ,,組織名,,,CSV,シーエスブイ,,その他
,世界のナベアツさん,セカイのナベアツサン,,人名,,,Emo Value Generator,エモバリュージェネレーター,,製品名
,RPM,アールピーエム,,その他,,,Windows,ウィンドウズ,,その他
,OCR,オーシーアール,,その他,,,千葉,チバ,,人名
,桂三度さん,カツラサンドサン,,人名,,,Empath Recoder,エンパスレコーダー,,製品名
,ファミリマート,ファミリマート,,組織名,,,Emo Daruma,エモダルマ,,製品名
,Kintone,キントーン,,その他,,,Google cloud,グーグルクラウド,,その他
,オービック,オービック,,組織名,,,NTTコミュニケーションズ,エヌティーティーコミュニケーションズ,,組織名
,OBIC7,オービックセブン,,その他,,,Linux,リナックス,,その他
,CRM,シーアールエム,,その他,,,カイクラ,カイクラ,,組織名
,セールスフォース,セールスフォース,,組織名,,,ドン・キホーテ,ドンキホーテ,,組織名
,Dynamics,ダイナミクス,,その他,,,Konel,コネル,,組織名
,PDF,ピーディーエフ,,その他,,,神さん,ジンサン,,人名
,チコちゃんに叱られる!,チコチャンニシカラレル,,その他,,,ISMS,アイエスエムエス,,その他
,大阪,オオサカ,オーサカ,地名,,,Gong,ゴング,,製品名
,別大,ベツダイ,,その他,,,JamRoll,ジャムロール,,製品名
,YOUTRUST,ユートラスト,,組織名,,,Beluga,ベルーガ,,製品名
,サブ３,サブスリー,,その他,,,Zoom,ズーム,,製品名
,駅伝,エキデン,,その他,,,Teams,チームズ,チームス,製品名
,ブラタモリ,ブラタモリ,,その他,,,ispec,アイスペック,,組織名
,タモリ,タモリ,,人名,,,あつしさん,アツシサン,,人名
,福大,フクダイ,,組織名,,,代々木公園,ヨヨギコーエン,,地名
,指宿,イブスキ,,地名,,,はなみさん,ハナミサン,,人名
,PSM,ピーエスエム,,組織名,,,Web3.0,ウェブスリー,ウェブサンテンゼロ,その他
,テニス,テニス,,その他,,,PHP,ピーエイチピー,,その他
,フラッシュアイディア,フラッシュアイディア,,その他,,,jQuery,ジェイクエリー,,その他
,ハムスト,ハムスト,,その他,,,note,ノート,,その他
,キャッチアップ,キャッチアップ,,その他,,,社内報,シャナイホー,,その他
,SKテレコム,エスケーテレコム,,組織名,,,Wantedly,ウォンテッドリー,,製品名
,ウルトラマラソン,ウルトラマラソン,,その他,,,PR Times,ピーアールタイムズ,,製品名
,四万十,シマント,,地名,,,師匠,シショー,,人名
,全日本実業団,ゼンニホンジツギョウダン,ゼンニホンジツギョーダン,その他,,,Salesforce,セールスフォース,,製品名
,日本選手権,二ホンセンシュケン,,その他,,,Slack,スラック,,製品名
,アロハトランスライン,アロハトランスライン,,組織名,,,アドミン,アドミン,,その他
,メタボリックシンドローム,メタボリックシンドローム,,その他,,,my stats,マイスタッツ,,製品名
,人間ドック,ニンゲンドック,,その他,,,ダルビッシュ,ダルビッシュ,,人名
,CT,シーティー,,その他,,,カープ,カープ,,組織名
,Green,グリーン,,組織名,,,愛知,アイチ,,地名
,スマートシューズ,スマートシューズ,,その他,,,ローンチ,ローンチ,,その他
,ミッドフット走法,ミッドフットソウコウ,ミッドフットソーコー,その他,,,不破さん,フワサン,,人名
,eスポーツ,イースポーツ,,その他,,,美鈴さん,ミスズサン,,人名
,サッカー,サッカー,,その他,,,アクセンチュア,アクセンチュア,,組織名
,バイオメカニクス,バイオメカニクス,,その他,,,アルムナイ,アルムナイ,,その他
,運動生理学,ウンドウセイリガク,ウンドーセーリガク,その他,,,Google Drive,グーグル　ドライブ,,その他
,整形外科,セイケイゲカ　,セーケーゲカ,その他,,,ボット,ボット,,製品名
,大阪学院大学,オオサカガクインダイガク,オーサカガクインダイガク,組織名,,,元気度,ゲンキド,,その他
,東京学芸大学,トウキョウガクゲイダイガク,トーキョーガクゲーダイガク,組織名,,,Calendly,カレンドリー,,製品名
,ウェビナー,ウェビナー,,その他,,,王将,オーショー,,その他
,paiza,パイザ,,組織名,,,uzi,リモ,,製品名
,山梨学院大学,ヤマナシガクインダイガク,,組織名,,,Google フォーム,グーグルフォーム,,その他
,上田誠仁,ウエダマサヒト,,人名,,,HubSpot,ハブスポット,,製品名
,ストックオプション,ストックオプション,,その他,,,ドンキ,ドンキ,,組織名
,コタエル信託,コタエルシンタク,,組織名,,,Airflow,エアフロウ,エアフロー,製品名
,プル―タス,プル―タス,,組織名,,,OmniaLINK,オムニアリンク,,製品名
,ドラマッチ,ドラマッチ,,その他,,,Facebook,フェイスブック,,組織名
,Carbide Ventures,カーバイドベンチャーズ,,組織名,,,ココナラ,ココナラ,,製品名
,Coral Capital,コーラルキャピタル,,組織名,,,岩井克人,イワイカツト,イワイカツヒト,人名
,リーテイルブランディング,リーテイルブランディング,,組織名,,,Smart相談室,スマートソウダンシツ,,製品名
,インフォマート,インフォマート,,組織名,,,ライセフ,ライセフ,,その他
,大友ロジスティックサービス,オオトモロジスティックサービス,,組織名,,,タイムボカンシリーズ,タイムボカンシリーズ,,その他
,ユーパーツ,ユーパーツ,,組織名,,,log,ログ,,その他
,ユビニティー,ユビニティー,,組織名,,,井原西鶴,イハラサイカク,,人名
,ユナイテッド・スーパーマーケット・ホールディングス,ユナイテッド・スーパーマーケット・ホールディングス,,組織名,,,AWS,エーダブリューエス,,その他
,オムロプリント,オムロプリント,,組織名,,,FFmpeg,エフエフエムペグ,,その他
,朝日PRセンター,アサヒピーアールセンター,,組織名,,,メディアコンバート,メディアコンバート,,その他
,MRS,エムアールエス,エムアールエス,組織名,,,ECS,oai,,その他
,SNS,エスエヌエス,,その他,,,python,パイソン,,その他
,ピンキー,ピンキー,,人名,,,ジョブ・キュー,ジョブキュー,,その他
,東京エレクトロン デバイス,トーキョーエレクトロンデバイス,,組織名,,,河東,カトウ,,人名
,AIREV,エーアイレブ,,組織名,,,HSL,エイチエスエル,,その他
,CO-OP,コープ,,組織名,,,カリキュレーター,カリキュレーター,,その他
,BPO,ビーピーオー,,組織名,,,AVI,エーブイアイ,,その他
,サンクスラ,サンクスラ,,組織名,,,クリエイトジョブ,クリエイトジョブ,,組織名
,TG光,ティージーヒカリ,,製品名,,,Google Meet,グーグル・ミート,,製品名
,文京,ブンキョウ,ブンキョー,地名,,,M3U8,エムスリーユーエイト,,その他
,Clubhouse,クラブハウス,クラハ,製品名,,,S3,エススリー,,その他
,Sunsun,サンサン,,製品名,,,TS,ティーエス,,その他
,よべーる,ヨベール,,製品名,,,Search Console,サーチンコール,,その他
,セールスフォース,セールスフォース,,組織名,,,3×3 Lab Future,サンサンラボフューチャー,,その他
,ピーケーオー,ピーケーオー,,その他,,,J-Startup,ジェイスタトアップ,ジェースタートアップ,その他
,ツルハ,ツルハ,,組織名,,,Pマーク,ピーマーク,,その他
,生協,セイキョウ,セイキョー,組織名,,,Gmail,ジーメール,ジーメイル,製品名
,大和ハウスフィナンシャル,ダイワハウスフィナンシャル,,組織名,,,Meet,ミート,,製品名
,Lazuli,ラズリ,,組織名,,,Invite,インバイト,,製品名
,ドイツ,ドイツ,,地名,,,サブ階層,サブカイソ―,サブカイソウ,その他
,MEDICA,メディカ,,その他,,,メッシ,メッシ,,人名
,GigaCC,ギガシーシー,,製品名,,,チームラボ,チームラボ,,組織名
,小田原緑化,オダワラリョッカ,,組織名,,,LP,エルピー,エルピイ,その他
,アイシニアケア,アイシニアケア,,製品名,,,Our Leadership,アワリーダーシップ,,その他
,ウィークリー,ウィークリー,,その他,,,はずむさん,ハズムサン,,人名
,なりきよ,ナリキヨ,,組織名,,,About us,アバウトアス,アバ―トアス,その他
,Spring boot,スプリングブート,,その他,,,下層,カソ―,カソウ,その他
,信託SO,シンタクストックオプション,シンタクエスオー,その他,,,Our Culture,アワカルチャー,,その他
,デット,デット,,その他,,,チームジオグラフィー,チームジオグラフィー,,その他
,エクイティ,エクイティ,,その他,,,アクチュアルデータ,アクチュアルデータ,,その他
,アジャイル,アジャイル,,その他,,,NTTドコモ,エヌティティドコモ,エヌティーティードコモ,組織名
,スクラム開発,スクラムカイハツ,,その他,,,1on1,ワンオンワン,,その他
,Java Script,ジャバスクリプト,,その他,,,村田製作所,ムラタセイサクジョ,,組織名
,Type Script,タイプスクリプト,,その他,,,toC,ティオーシー,トゥービー,その他
,ロードマップ,ロードマップ,,その他,,,BeSTA FinTech Base,ベスタフィンテックベース,,その他
,浜銀,ハマギン,,組織名,,,パルスサーベイ,パルスサーベイ,,その他
,静銀,シズギン,,組織名,,,エシカル,エシカル,,その他
,B/S,ビーエス,,その他,,,リライト,リライト,,その他
,Ansible,アンシブル,,その他,,,Members from all over,メンバーズフロムオールオーバー,,その他
,グリーンコンクリート,グリーンコンクリート,,組織名,,,Chatwork,チャットワーク,,製品名
,シェルスクリプト,シェルスクリプト,,その他,,,BeSTA FinTech lab,ベスタフィンテックラボ,,その他
,ミドルウェア,ミドルウェア,,その他,,,API,エーピーアイ,,その他
,ヒスコム,ヒスコム,,組織名,,,CRM,シーアールエム,,その他
,SBテクノロジー,エスビーテクノロジー,,組織名,,,HubSpot ,ハブスポット,,製品名
,office365,オフィスサンロクゴ,,その他,,,MRR,エムアールアール,,その他
,PL,ピーエル,,その他,,,SaaS,サース,サーズ,その他
,レバテック,レバテック,,組織名,,,ソフトバンク,ソフトバンク,,組織名
,ORPHE,オルファ,オルファ―,組織名,,,EVG,イーブイジー,,製品名
,アコム,アコム,,組織名,,,名畑さん,ナハタサン,,人名
,ヒッサン,ヒッサン,,組織名,,,寺尾さん,テラオサン,,人名
,Bluetooth,ブルートゥース,,その他,,,長田さん,オサダサン,ナガタサン,人名
,IPO,アイピーオー,,その他,,,Dialpad,ダイヤルパッド,,製品名
,ニソール,ニソール,,組織名,,,NDA,エヌディエー,,その他
,マイルストーン,マイルストーン,,その他,,,名古屋,ナゴヤ,,地名
,リボルブ・シス,リボルブシス,,組織名,,,アドバンスト・メディア,アドバンスト・メディア,,組織名
,スズケン,スズケン,,組織名,,,第一三共,ダイイチサンキョウ,,組織名
,和光商会,ワコーショーカイ,,組織名,,,SB C&S,ソフトバンクシーアンドエス,,組織名
,MINAMI,ミナミ,,組織名,,,CS,シーエス,,その他
,キタムラK2,キタムラケイツー,,組織名,,,BPO,ビーピーオー,,その他
,アイロベックス,アイロベックス,,組織名,,,Verint,ベリント,,その他
,Cisco,シスコ,,組織名,,,ベルフェイス,ベルフェイス,,組織名
,RP,アールピー,,その他,,,CTA,シーティエー,,その他
,UXD,ユーエックスディー,,その他,,,Google,グーグル,,組織名
,パートナリング,パートナリング,,その他,,,アナリティクス,アナリティクス,,その他
,ビジネスイノベーション本部,ビジネスイノベーションホンブ,,組織名,,,デルフィス,デルフィス,,組織名
,M365,エムサンロクゴ,,その他,,,SmartHR,スマートエイチアール,,製品名
,Box,ボックス,,その他,,,クロスアカデミー,クロスアカデミー,,組織名
,HDDIS,エイチディーディズ,,その他,,,googleアシスタント,グーグルアシスタント,,組織名
,ヴァルトジャパン,ヴァルトジャパン,,組織名,,,アメリカ,アメリカ,,地名
,エスプール,エスプール,,組織名,,,日本,二ホン,ニッポン,地名
,フレコンバッグ,フレコンバッグ,,製品名,,,GPC,ジーピーシー,,その他
,WS5,ダブリューエスゴ,,その他,,,Speech API,スピーチ　エーピーアイ,,その他
,Instagram ,インスタグラム,,その他,,,NewsPicks,ニューズピックス,,組織名
,雛形,ヒナガタ,,その他,,,ユーザーベース,ユーザーベース,,組織名
,ストーリーズ,ストーリーズ,,その他,,,みえき,ミエキ,,人名
,コークス,コークス,,その他,,,プライバシーポリシー,プライバシーポリシー,,その他
,水ing,スイング,,組織名,,,Terms and condition,タームズアンドコンディション,,その他
,活性炭,カッセイタン,,製品名,,,踏襲,トウシュウ,トウシュー,その他
,CI/CD,シーアイシーディー,シーアイスラッシュシーディー,その他,,,情報セキュリティ基本方針,ジョウホウセキュリティーキホンホウシン,ジョーホーセキュリティーキホンホーシン,その他
,WeWork,ウィーワーク,,組織名,,,保護方針,ホゴホーシン,ホゴホウシン,その他
,アシダカ軍曹,アシダカグンソウ,,その他,,,こまい,コマイ,,その他
,セアカゴケグモ,セアカゴケグモ,,その他,,,RevComm,レブコム,,組織名
,インサイト,インサイト,,その他,,,利用規約,リヨウキヤク,リヨーキヤク,その他
,ShopNow,ショップナウ,,その他,,,個人情報の取り扱い方針,コジンジョウホウノトリアツカイホウシン,コジンジョーホーノトリアツカイホーシン,その他
,ORPHE TRACK,オルフェトラック,,製品名,,,必要十分事項,ヒツヨウジュウブンジコウ,ヒツヨージューブンジコー,その他
,Meta,メタ,,組織名,,,WEB API,ウェブエイピイアイ,ウェブエーピーアイ,製品名
,コムズ,コムズ,,組織名,,,Can't share you screen,キャントシェアーユアスクリーン,,その他
,アイネス,アイネス,,組織名,,,SDK,エスディーケイ,エスディケー,その他
,Lステップ,エルステップ,,製品名,,,スマートシティ,スマートシティ,,その他
,Forkwell,フォークウェル,,製品名,,,梅澤,ウメザワ,,人名
,Plug and Play,プラグアンドプレイ,,その他,,,コロナ禍,コロナカ,,その他
,INEST,アエネスト,,組織名,,,ウェルビーイング,ウェルビーイング,,その他
,FA,エフエー,,その他,,,NTTコムウェア,エヌ・ティ・ティ・コムウェア,エヌティティコムウェア,組織名
,ユートラスト,ユートラスト,,組織名,,,エモーティブスペース,エモーティブスペース,,その他
,PdM,ピーディーエム,,その他,,,ビバ・テクノロジー,ビバテクノロジー,,その他
,HERP,ハープ,,その他,,,LINE,ライン,,組織名
,SLACK,スラック,,その他,,,Sony,ソニー,,組織名
,HCI,エイチシーアイ,,その他,,,LinkedIn,リンクトイン,,組織名
,実世界インターフェース,ジッセカイインターフェース,,その他,,,Xperia,エクスペリア,,製品名
,IOSエンジニア,アイオーエスエンジニア,,その他,,,フィリップス,フィリップス,,組織名
,ノマドワーカー,ノマドワーカー,,その他,,,プロパー,プロパー,,その他
,キャプチャー,キャプチャー,,その他,,,C&S,シーアンドエス,,組織名
,React.js,リアクトジェイエス,,その他,,,NTTDOCOMO,エヌ・ティ・ティ・ドコモ,,組織名
,React,リアクト,,その他,,,テレカン,テレカン,,その他
,Prazto,プラート,,組織名,,,バイセルさん,バイセルサン,,組織名
,LINE Camera,ラインカメラ,,その他,,,ステッキワン,ステッキワン,,製品名
,HTTPS,エイチティティピーエス,,その他,,,サービスクラウドボイス,サービスクラウドボイス,,製品名
,Swift,スイフト,,その他,,,AppExchange,アップエクスチェンジ,,製品名
,Kotlin,コトリン,,その他,,,Nemesysco,ネメシスコ,,製品名
,Repost,リポスト,,その他,,,CAC,シーエーシー,,組織名
,Reels,リール,,その他,,,AmiVoice,アミボイス,,製品名
,メンション,メンション,,その他,,,市倉,イチクラ,,人名
,ビズリーチ,ビズリーチ,,組織名,,,北里大学,キタサトダイガク,,組織名
,One to One,ワントゥーワン,,その他,,,Smart World,スマートワールド,,その他
,TSV,ティーエスブイ,,その他,,,Society 5.0,ソサエティー5.0,,その他
,EC,イーシー,,その他,,,デジタルトランスフォーメーション,デジタルトランスフォーメーション,,その他
,JAN,ジャン,,その他,,,Amazon Connect,アマゾンコネクト,,製品名
,タレントプール,タレントプール,,その他,,,CTI,シーティアイ,,その他
,UXD,ユーエックス,,その他,,,ComDesign,コムデザイン,,組織名
,ラクラス,ラクラス,,組織名,,,丸紅,マルベニ,,組織名
,カインズ,カインズ,,組織名,,,AVAYA,アバイア,,組織名
,トゥルーデータ,トゥルーデータ,,組織名,,,TMJ,ティエムジェイ,ティエムジェー,組織名
,ハピネット,ハピネット,,組織名,,,MP3,エムピースリー,,その他
,あみあみ,アミアミ,,その他,,,PBX,ピービーエックス,,その他
,ホビーリンク・ジャパン,ホビーリンク・ジャパン,,組織名,,,IE,アイイー,,その他
,リテール,リテール,,その他,,,Internet Explorer,インターネットエクスプローラー,,製品名
,ホビーサーチ,ホビーサーチ,,その他,,,アテノシーアウトバウンド2.0,アテノシーアウトバウンド2.0,,製品名
,インダストリークラウド,インダストリークラウド,,その他,,,MiiTel,ミーテル,,製品名
,kukuru,ククル,,組織名,,,丸紅情報システムズ,マルベニジョウホウシステムズ,,組織名
,NB,エヌビー,,その他,,,PMF,ピーエムエフ,,その他
,トラスコ,トラスコ,,組織名,,,LTV,エルティーヴィ,エルティブイ,その他
,Terraform,テラフォーム,,製品名,,,SlideShare,スライドシェア,スライドシェア―,製品名
,SKU,エスケーユー,,その他,,,ウィンドウスクリーン,ウィンドウスクリーン,ウィンドースクリーン,その他
,シソンヌ,シソンヌ,,人名,,,LegalForce,リーガルフォース,,組織名
,オレンジブック,オレンジブック,,その他,,,デック,デック,,その他
,charm,チャーム,,その他,,,CS測定,シーエスソクテイ,,その他
,イーアールピー,イーアールピー,,その他,,,長谷,ナガヤ,,人名
,BTP,ビーティーピー,,その他,,,eneloop,エネループ,,製品名
,ビジネステクノロジープラットフォーム,ビジネステクノロジープラットフォーム,,その他,,,NextGen,ネクストジェン,,組織名
,アバップフォー,アバップフォー,,その他,,,PoC,ピーオーシー,,その他
,ユースケース,ユースケース,,その他,,,SV,エスブイ,,その他
,コープデリ,コープデリ,,組織名,,,N-com,エヌコム,,組織名
,カインズ,カインズ,,組織名,,,ASR,エーエスアール,,その他
,U.S.M.H,ユーエスエムエイチ,,組織名,,,NLP,エヌエルピー,,その他
,バングラデシュ,バングラデシュ,バングラ,組織名,,,ML,エムエル,,その他
,ポンパレモール,ポンパレモール,,組織名,,,MLエンジニア,エムエルエンジニア,,その他
,ECJOY!,イーシージョイ,,組織名,,,バークレー,バークレー,,組織名
,あきばお〜,あきばお〜,,組織名,,,Apple,アップル,,組織名
,コスゲ,コスゲ,,組織名,,,Indeed,インディード,,組織名
,トラスコ中山,トラスコナカヤマ,,組織名,,,ph.D,ピーエイチディー,,その他
,メイトー,メイトー,,製品名,,,東大,トウダイ,,組織名
,アルファパーチェス,アルファパーチェス,,組織名,,,フルスタック,フルスタック,,その他
,ハピネット,ハピネット,,組織名,,,ヘッドマウントディスプレイ,,ヘッドマウントディスプレイ,製品名
,シー・シー・ピー,シー・シー・ピー,,組織名,,,Alexa,アレクサ,,その他
,丸ノ内線,マルノウチセン,,その他,,,トルコ,トルコ,,地名
,丸の内,丸の内,,地名,,,ツチノコ,ツチノコ,,その他
,CA,シーエー,,その他,,,柴尾,シバオ,,
,SaaS,サース,,その他,,,KPI,ケーピーアイ,,その他
,COGS,コグス,,その他,,,オプテーザー,オプテーザー,,その他
,SFP,エスエフピー,,組織名,,,EVGバッチ,イーブイジーバッチ,,その他
,G&A,ジーアンドエー,,その他,,,OPTAGE,オプテージ,,組織名
,GCP,ジーシーピー,,その他,,,エッジ,エッジ,,組織名
,クエリ,クエリ,,その他,,,Pardot,パードット,,製品名
,Manegeboard,マネーボード,,その他,,,ヤクルト,ヤクルト,,製品名
,成城石井,セイジョウイシイ,セイジョーイシイ,組織名,,,R-1,アールワン,,製品名
,S&M,エスアンドエム,,その他,,,おかめ納豆,オカメナットウ,,製品名
,横浜,ヨコハマ,,地名,,,PC,ピーシー,,その他
,ソニーマーケティング,ソニーマーケティング,,組織名,,,UIX,ユーアイエックス,,その他
,ローソン,ローソン,,組織名,,,chrome,クローム,,製品名
,西友,セイユウ,セ―ユー,組織名,,,ダイヤル・サービス,ダイヤルサービス,,組織名
,PDP,ピーディーピー,,その他,,,みなとくん,ミナトクン,,人名
,ウォルマート,ウォルマート,,組織名,,,かえでくん,カエデクン,,人名
,ベイシア,ベイシア,,組織名,,,Amazon,アマゾン,,その他
,ジョーシス,ジョーシス,,その他,,,女子学院,ジョシガクイン,,組織名
,イオントップバリュ,イオントップバリュ,,組織名,,,BuySell Technologies,バイセルテクノロジーズ,,組織名
,ビックサイト,ビックサイト,,地名,,,けいすけくん,ケイスケクン,,人名
,CEO,シーイーオー,,その他,,,坂上忍,サカガミシノブ,,人名
,レコメンダ―,レコメンダ―,,その他,,,CM,シーエム,,その他
,トレタ,トレタ,,組織名,,,ms,ミリセック,,その他
,アサヒ飲料,アサヒインリョウ,アサヒインリョー,組織名,,,えもりさん,エモリサン,,人名
,pixiv,ピクシブ,,その他,,,CLINIC FOR,クリニックフォア,,組織名
,カタリナ,カタリナ,,その他,,,URL,ユーアールエル,,その他
,関東ITソフトウェア健康保険組合,カントウアイティーソフトウェアケンコウホケンクミアイ,,組織名,,,２Q,ニキュウ,ニキュー,その他
,SMB,エスエムビー,,その他,,,３Q,サンキュウ,サンキュー,その他
,CSVファイル,シーエスブイファイル,,その他,,,U³ COGNI,ユーキューブコグニ,,製品名
,ヤオコー,ヤオコー,,組織名,,,BIA,ビーアイエー,,その他
,Wantedly,ウォンテッドリー,,その他,,,中川,なかがわ,,人名
,Findy,ファインディ,,組織名,,,尾崎,オザキ,,人名
,行幸通り,ギョーコードーリ,ギョウコウドオリ,その他,,,トヨタファイナンス,トヨタファイナンス,,組織名
,ちむどんどん,チムドンドン,,その他,,,クラウドCTI,クラウドシーティーアイ,,製品名
,Tech TIPS,テックティップス,,その他,,,日本アバイア株式会社,ニホンアバイアカブシキガイシャ,,組織名
,下北,シモキタ,,地名,,,Agent MAP,エージェントマップ,,製品名
,CPO,シーピーオー,,その他,,,マウス,マウス,,組織名
,レッドオーシャン,レッドオーシャン,,その他,,,コンタクトセンター,コンタクトセンター,,その他
,ゆるりと,ユルリト,,組織名,,,QA,キューエー,キュウエエ,その他
,WordPress,ワードプレス,,その他,,,福士,フクシ,,人名
,三菱,ミツビシ,,組織名,,,はまや,ハマヤ,,人名
,三井物産,ミツイブッサン,,組織名,,,本田,ホンダ,,人名
,ハルモニア,ハルモニア,,組織名,,,長崎,ナガサキ,,人名
,ハコブ,ハコブ,,組織名,,,しばお,シバオ,,人名
,ピリカ,ピリカ,,組織名,,,ビジコンテスト,ビジコンテスト,,その他
,アダコテック,アダコテック,,組織名,,,ATT,エーティティ,,その他
,React　Native,リアクトネイティブ,,その他,,,THETA,シータ,,製品名
,All Visional,オールビジョナル,,その他,,,MELON,メロン,,製品名
,RoomClip,ルームクリップ,,その他,,,KOTOBAL,コトバル,,製品名
,インデックス,インデックス,,組織名,,,川崎,カワサキ,,人名
,TECH PLAY,テックプレイ,,その他,,,小笠原,オガサワラ,,人名
,LITERA,リテラ,,その他,,,鈴木,スズキ,,人名
,ID-POS,アイディーポス,,その他,,,Discord,ディスコード,,製品名
,ゼンダ,ゼンダ,,組織名,,,JSON,ジェイソン,,その他
,レイタンス,レイタンス,,その他,,,Qiita,キータ,,その他
,インダストリーコクリエーション,インダストリーコクリエーション,,組織名,,,PBS,ピービーエス,,その他
,,,,,,,KONICA MINOLTA,コニカミノルタ,,その他
,,,,,,,戸田,トダ,,人名
,,,,,,,大沢,オオサワ,,人名
,,,,,,,ドラック＆ドロップ,ドラックアンドドロップ,,その他
,,,,,,,浜谷,ハマヤ,,人名
,,,,,,,IVR,アイブイアール,,その他
,,,,,,,Genesys ,ジェネシス,,組織名
,,,,,,,Genesys Cloud,ジェネシスクラウド,,製品名
,,,,,,,PureCloud,ピュアクラウド,,製品名
,,,,,,,HELIX,ヒリックス,,その他
,,,,,,,グローバルタンク,グローバルタンク,,組織名
,,,,,,,クンクンボディ,クンクンボディ,,製品名
,,,,,,,前田,マエダ,,人名
,,,,,,,閉域網,ヘイエキモウ,,その他
,,,,,,,VDI,ブイディアイ,,その他
,,,,,,,りゅう,リュウ,,人名
,,,,,,,株式会社SmartMeeting,カブシキガイシャスマートミーティング,,組織名
,,,,,,,斉藤,サイトウ,,人名
,,,,,,,Googleドキュメント,グーグルドキュメント,,その他
,,,,,,,なかたか,ナカタカ,,人名
,,,,,,,コンバージャー,コンバージャー,,製品名
,,,,,,,SANA,サナ,,製品名
,,,,,,,Asana,アサナ,,製品名
,,,,,,,G Suite,ジースイート,,製品名
,,,,,,,ToDo,トゥドゥ,,その他
,,,,,,,コールリーズン,コールリーズン,,その他
,,,,,,,VextCloud,ベクストクラウド,,製品名
,,,,,,,かどた,カドタ,,人名
,,,,,,,仁科,ニシナ,,人名
,,,,,,,東急ハンズ,トウキュウハンズ,,組織名
,,,,,,,カオナビ,カオナビ,,製品名
,,,,,,,タレントパレット,タレントパレット,,製品名
,,,,,,,WebRTC,ウェブアールシーティ,ウェブアールシーティー,その他
,,,,,,,スピンシェル,スピンシェル,,組織名
,,,,,,,原,ハラ,,人名
,,,,,,,中田,ナカタ,,人名
,,,,,,,飯田,イイダ,,人名
,,,,,,,Peer to Peer,ピアトゥピア ,ピアツーピア,その他
,,,,,,,東京リージョン,トウキョウリージョン,,その他
,,,,,,,BtoB,ビートゥービー,,その他
,,,,,,,CYDAS,サイダス,,製品名
,,,,,,,スワロフスキー,スワロフスキー,,組織名
,,,,,,,山田,ヤマダ,,人名
,,,,,,,堀,ホリ,,人名
,,,,,,,金城,キンジョウ,,人名
,,,,,,,おぜみ,オゼミ,,人名
,,,,,,,鎌田,カマダ,,人名
,,,,,,,松本,マツモト,,人名
,,,,,,,高橋,タカハシ,,人名
,,,,,,,安田,ヤスダ,,人名
,,,,,,,持田,モチダ,,人名
,,,,,,,こう,コウ,,人名
,,,,,,,おだらき,オダラキ,,人名
,,,,,,,河合,カワイ,,人名
,,,,,,,LRM,エルアールエム,,組織名
,,,,,,,eラーニング,イーラーニング,,人名
,,,,,,,西,にし,,人名
,,,,,,,テンソルフロー,テンソルフロー,,その他
,,,,,,,クロースアクセラレータ,クロースアクセラレータ,,その他
,,,,,,,デリダ,デリダ,,人名
,,,,,,,ワイズリー,ワイズリー,,人名
,,,,,,,Notion,ノーション,,製品名
,,,,,,,はてなブログ,ハテナブログ,,製品名
,,,,,,,WeTransfer,ウィートランスファー,,製品名
,,,,,,,zip,ジップ,,人名
,,,,,,,Seculio,セキュリオ,,製品名
,,,,,,,こうき,コウキ,,人名
,,,,,,,スプレッドシート,スプレッドシート,,製品名
,,,,,,,Sonia Cube,ソニアキューブ,,組織名
,,,,,,,鳴海,ナルミ,,人名
,,,,,,,Figma,フィグマ,,製品名
,,,,,,,ビーウィズ,ビーウィズ,,組織名
,,,,,,,プロディライト,プロディライト,,組織名
,,,,,,,Co-CEO,コーシーイーオー,,人名
,,,,,,,ダイアン・サービス,ダイアンサービス,,組織名
,,,,,,,アウェル,アウェル,,組織名
,,,,,,,クオリード,クオリード,,組織名
,,,,,,,ラシック,ラシック,,組織名
,,,,,,,グッドパック,グッドパック,,組織名
,,,,,,,スマート相談室,スマートソウダンシツ,,組織名
,,,,,,,ヤマップ,ヤマップ,,その他
,,,,,,,エリック,エリック,,人名
,,,,,,,加藤,カトウ,,人名
,,,,,,,川上,カワカミ,,人名
,,,,,,,TBS,ティービーエス,,組織名
,,,,,,,FMララジオ,エフエムラジオ,,組織名
,,,,,,,リングイスト,リングイスト,,その他
,,,,,,,Cシャープ,シーシャープ,,その他
,,,,,,,タイプスクリプト,タイプスクリプト,,その他
,,,,,,,アノテーションツール,アノテーションツール,,その他
,,,,,,,U-NEXT,ユーネクスト,,組織名
,,,,,,,QUOカード,クオカード,,組織名
,,,,,,,イスラエル,イスラエル,,地名
,,,,,,,ログイット,ログイット,,組織名
,,,,,,,ISQL,アイエスキューエル,,その他
,,,,,,,MySQL,マイエスキューエル,,製品名
,,,,,,,DB,ディービー,デービー,その他
,,,,,,,コギット,コギット,,組織名
,,,,,,,デリーズト,デリーズト,,組織名
,,,,,,,アドバンストメディア,アドバンストメディア,,組織名
,,,,,,,株式会社タクト,カブシキガイシャタクト,,組織名
,,,,,,,プルチックの感情の輪,プルチックノカンジョウノワ,,その他
,,,,,,,石川,イシカワ,,人名
,,,,,,,LB,エルビー,,その他
,,,,,,,JMeter,ジェイエムエーター,,製品名
,,,,,,,EKS,イーケーエス,,製品名
,,,,,,,DAZN,ダゾーン,,その他
,,,,,,,A.L.I.,エーエルアイ,エイエルアイ,組織名
,,,,,,,新庄,シンジョウ,,人名
,,,,,,,エアロダイン,エアロダイン,,組織名
,,,,,,,Sansan,サンサン,,製品名
,,,,,,,h1,エイチワン,,その他
,,,,,,,h2,エイチツー,,その他
,,,,,,,h3,エイチスリー,,その他
,,,,,,,h4,エイチフォー,,その他
,,,,,,,li,エルアイ,,その他
,,,,,,,美幸,ミユキ,,人名
,,,,,,,三島,ミシマ,,人名
,,,,,,,太客,フトキャク,,その他
,,,,,,,JR,ジェイアール,ジェーアール,組織名
,,,,,,,リカーリング,リカーリング,,その他
,,,,,,,ワンショット,ワンショット,,その他
,,,,,,,鹿野,シカノ,,人名
,,,,,,,宋,ソウ,,人名
,,,,,,,山廣,ヤマヒロ,,人名
,,,,,,,DEFENDER-X,ディフェンダーエックス,,製品名
,,,,,,,藤原竜也,フジワラタツヤ,,人名
,,,,,,,綾野剛,アヤノゴウ,,人名
,,,,,,,ガーシー,ガーシー,,人名
,,,,,,,中村蒼,ナカムラアオイ,,人名
,,,,,,,松重豊,マツシゲユタカ,,人名
,,,,,,,レックステイト,レックステイト,,組織名
,,,,,,,沼,ヌマ,,人名
,,,,,,,Pixel,ピクセル,,製品名
,,,,,,,Azure,アジュール,,その他
,,,,,,,福森,フクモリ,,人名
,,,,,,,小塚,こづか,,人名
,,,,,,,dancyu,ダンチュウ,,その他
,,,,,,,かつき,カツキ,,人名
,,,,,,,リバレス,リバレス,,組織名
,,,,,,,IP Messenger,アイピーメッセンジャー,,製品名
,,,,,,,マツリカ,マツリカ,,組織名
,,,,,,,高木,タカギ,,人名
,,,,,,,森,モリ,,人名
,,,,,,,ドキュサイン,ドキュサイン,,製品名
,,,,,,,ブックオフ,ブックオフ,,組織名
,,,,,,,OneDrive,ワンドライブ,,製品名
,,,,,,,佐久間,サクマ,,人名
,,,,,,,船見,フナミ,,人名
,,,,,,,太田,オオタ,,人名
,,,,,,,林田,ハヤシダ,,人名
,,,,,,,鴻上,コウガミ,,人名
,,,,,,,リコージャパン,リコージャパン,,組織名
,,,,,,,Buddycom,バディコム,,製品名
,,,,,,,BONX,ボンクス,,製品名
,,,,,,,QOLead,キュオリード,,組織名
,,,,,,,富士通,フジツウ,,組織名
,,,,,,,テプラ,テプラ,,製品名
,,,,,,,アイスペック,アイスペック,,その他
,,,,,,,エアフロー,エアフロー,,その他
,,,,,,,グッドパッチ,グッドパッチ,,その他
,,,,,,,アダムスミス,アダムスミス,,人名
,,,,,,,IRC,アイアールシー,,その他
,,,,,,,ポッドキャスト,ポッドキャスト,,その他
,,,,,,,AGI,エージーアイ,,組織名
,,,,,,,西垣,ニシガキ,,人名
,,,,,,,Microsoft,マイクロソフト,,製品名
,,,,,,,Google Calender,グーグルカレンダー,,製品名
,,,,,,,OD,オーディー,,その他
,,,,,,,三菱UFJ銀行,ミツビシユーエフジェイギンコウ,,組織名
,,,,,,,Android,アンドロイド,,製品名
,,,,,,,iOS,アイオーエス,,製品名
,,,,,,,トグルスイッチ,トグルスイッチ,,製品名
,,,,,,,ラジオボタン,ラジオボタン,,その他
,,,,,,,riksak,リクサク,,製品名
,,,,,,,リクナビ,リクナビ,,製品名
,,,,,,,Web,ウェブ,ウエブ,製品名
,,,,,,,UX,ユーエックス,ユーザーエクスペリエンス,その他
,,,,,,,ギャラップ,ギャラップ,,その他
,,,,,,,まごころさん,マゴココロサン,,製品名
,,,,,,,大槌,オオツチ,,人名
,,,,,,,ookami,オオカミ,,組織名
,,,,,,,富士キメラ,フジキメラ,,組織名
,,,,,,,ブリオベッカ浦安,ブリオベッカウラヤス,,組織名
,,,,,,,CPaaS,シーパース,,その他
,,,,,,,セグメント,セグメント,,その他
,,,,,,,パワポ,パワポ,,製品名
,,,,,,,クックパッド,クックパッド,,組織名
,,,,,,,ソフトフロント,ソフトフロント,,組織名
,,,,,,,アシックス,アシックス,,組織名
,,,,,,,Pathfine,パスファイン,,組織名
,,,,,,,カゴメ,カゴメ,,組織名
,,,,,,,CT-e1,シーティーイーワン,,製品名
,,,,,,,小石川運動場,コイシカワウンドウジョウ,,地名
,,,,,,,世田谷公園,セタガヤコウエン,,地名
,,,,,,,CT-e1/SaaS,シーティーイーワン サーズ,シーティーイーワン サース,製品名
,,,,,,,大樹さん,タイキサン,,人名
,,,,,,,ソリューション,ソリューション,,その他
,,,,,,,阿部,アベ,,人名
,,,,,,,シーザース,シーザース,,製品名
,,,,,,,PaaS,パース,,その他
,,,,,,,aaS,エーエーエス,エイエイエス,その他
,,,,,,,arigatobank,アリガトバンク,,組織名
,,,,,,,お金贈り,オカネオクリ,,その他
,,,,,,,kifutown,キフタウン,,製品名
,,,,,,,武田薬品,タケダヤクヒン,,組織名
,,,,,,,武田さん,タケダサン,,人名
,,,,,,,IIBM,アイビーエム,,人名
,,,,,,,色相環,シキソウカン,,人名
,,,,,,,MR,エムアール,,その他
,,,,,,,IBT,アイビーティー,,製品名
,,,,,,,UI,ユーアイ,,その他
,,,,,,,CCP,シーシーピー,シーピー,その他
,,,,,,,MVP,エムブイピー,,人名
,,,,,,,Goodpatch,グッドパッチ,,組織名
,,,,,,,スクラムマスター,スクラムマスター,,その他
,,,,,,,AmiVoice Cloud Platform,アミボイス クラウド プラットフォーム,,製品名
,,,,,,,アジャイルコーチ,アジャイルコーチ,,その他
,,,,,,,alt,オルツ,,組織名
,,,,,,,Omnis,オムニス,,製品名
,,,,,,,AITalk,エーアイトーク,エイアイトーク,製品名
,,,,,,,Lambda,ラムダ,,その他
,,,,,,,ムラコシ,ムラコシ,,人名
,,,,,,,ミツイシ,ミツイシ,,人名
,,,,,,,ササハラ,ササハラ,,人名
,,,,,,,本田圭佑,ホンダケイスケ,,人名
,,,,,,,CoachEd,コーチェット,,その他
,,,,,,,ODC,オーディーシー,,製品名
,,,,,,,ヘルシー・スポーツ建設株式会社,ヘルシー・スポーツケンセツカブシキガイシャ,,人名
,,,,,,,春山さん,ハルヤマサン,,人名
,,,,,,,森山南,モリヤマミナミ,,人名
,,,,,,,村田綾乃,ムラタアヤノ,,人名
,,,,,,,小川恵子,オガワケイコ,,人名
,,,,,,,Player!,プレイヤー,,その他
,,,,,,,田中優実,タナカユウミ,,人名
,,,,,,,佐藤麗奈,サトウレナ,,人名
,,,,,,,原沙織,ハラサオリ,,人名
,,,,,,,斎藤愛花,サイトウアイカ,,人名
,,,,,,,久良,クラ,,人名
,,,,,,,OSHIМAX!,オーシマックス,,組織名
,,,,,,,ECOB,イーシーオービー,,製品名
,,,,,,,YAＭAP,ヤマップ,,製品名
,,,,,,,青森山田高校,アオモリヤマダコウコウ,,組織名
,,,,,,,前橋育英高校,マエバシイクエイコウコウ,,組織名
,,,,,,,ナスくる,ナスクル,,製品名
,,,,,,,寺内,テラウチ,,人名
,,,,,,,Amazon Transcribe,アマゾントランスクライブ,,製品名
,,,,,,,のんちゃん,ノンチャン,,人名
,,,,,,,NON STYLE,ノンスタイル,,人名
,,,,,,,Avengers,アベンジャーズ,,製品名
,,,,,,,ファイナル・テーブル,ファイナルテーブル,,製品名
,,,,,,,恵子さん,ケイコサン,,人名
,,,,,,,玲奈さん,レイナサン,,人名
,,,,,,,由美さん,ユミサン,,人名
,,,,,,,くらはしさん,クラハシサン,,人名
,,,,,,,ローヴァーズ木更津,ローヴァーズキサラヅ,,組織名
,,,,,,,ONE PIECE,ワンピース,,製品名
,,,,,,,コンフィデンスマンJP,コンフィデンスマンジェーピー,,製品名
,,,,,,,SHIBUYA  CITY FC,シブヤシティーエフシー,,組織名
,,,,,,,ARAWORE　HACHIOJI,アローレ八王子,,組織名
,,,,,,,東京フットボール,トウキョウフットボール,,組織名
,,,,,,,流山ＦＣ,ナガレヤマエフシー,,組織名
,,,,,,,NFT,エヌエフティ―,,製品名
,,,,,,,世界線,セカイセン,,その他
,,,,,,,ソフトランディング,ソフトランディング,,その他
,,,,,,,NHK,エヌエイチケー,,組織名
,,,,,,,AX,エーエックス,,その他
,,,,,,,Netflix,ネットフリックス,,組織名
,,,,,,,GW,ゴールデンウイーク,,その他
,,,,,,,ホリエモン,ホリエモン,,人名
,,,,,,,IT土方,アイティードカタ,,その他
,,,,,,, ZION FC,ザイオンエフシー,,組織名
,,,,,,,YouTube,ユーチューブ,,製品名
,,,,,,,JCC,ジェイシーシー,,組織名
,,,,,,,東進,トウシン,,組織名
,,,,,,,ダンススクールカーネリアン,ダンススクールカーネリアン,,組織名
,,,,,,,cotree,ココトリー,コトリー,組織名
,,,,,,,SmartThanks,スマートサンクス,,その他
,,,,,,,J-KISS,ジェイキス,,その他
,,,,,,,OB,オービー,,組織名
,,,,,,,HIKAKIN,ヒカキン,,人名
,,,,,,,win-win,ウィンウィン,,その他
,,,,,,,LINE Pay,ラインペイ,,その他
,,,,,,,PayPay,ペイペイ,,その他
,,,,,,,LINEギフト,ラインギフト,,その他
,,,,,,,スタバカード,スタバカード,,製品名
,,,,,,,一蘭,イチラン,,その他
,,,,,,,日立財団,ヒヒタチザイダン,,組織名
,,,,,,,スタバ,スタバ,,組織名
,,,,,,, 3rd Class,サードクラス,,その他
,,,,,,,Goldman,ゴールドマン,,その他
,,,,,,,Goldman Sachs,ゴールドマンサックス,,組織名
,,,,,,,SDGs,エスディジーズ,,その他
,,,,,,,JC,ジェイシー,,組織名
,,,,,,,FUNDINNO,ファンディーノ,,組織名
,,,,,,,Facilitation,ファシリテーション,,その他
,,,,,,,ファシリテーター,ファシリテーター,,その他
,,,,,,,ファシリテーションガイド,ファシリテーションガイド,,
,,,,,,,村越,ムラコシ,,人名
,,,,,,,あきら,アキラ,,人名
,,,,,,,叡知,エイチ,,組織名
,,,,,,,クリアソン新宿,クリアソン,,組織名
,,,,,,,TOKYO 2020 FC,トウキョウニーゼロニーゼロエフシー,,組織名
,,,,,,,HBO東京,エイチビーオートウキョウ,,組織名
,,,,,,,Saitama east SV,サイタマイーストエスブイ,,組織名
,,,,,,,鹿島アントラーズ,カシマアントラーズ,,組織名
,,,,,,,博報堂,ハクホウドウ,,組織名
,,,,,,,小野田,,,
,,,,,,,講談社,コウダンシャ,,組織名
,,,,,,,小石川高校,コイシカワコウコウ,,組織名
,,,,,,,都築,ツヅキ,,組織名
,,,,,,,オンプレ,オンプレ,,その他
,,,,,,,グロービス,グロービス,,組織名
,,,,,,,都築電気,ツヅキデンキ,,組織名
,,,,,,,ABCクッキング,エービーシークッキング,,組織名
,,,,,,,RIZAP,ライザップ,,組織名
,,,,,,,経常,ケイツネ,,その他
,,,,,,,mento,メント,,組織名
,,,,,,,on-premise,オンプレミス,,その他
,,,,,,,BIZTEL,ビズテル,,組織名
,,,,,,,自己決定理論,ジコケッテイリロン,,その他
,,,,,,,時間対効果,ジカンタイコウカ,,その他
,,,,,,,ダイナミクス,ダイナミクス,,その他
,,,,,,,YOGA,ヨガ,,その他
,,,,,,,MKI,エムケーアイ,エムケイアイ,組織名
,,,,,,,CTC,シーティーシー,,組織名
,,,,,,,NTTBS,エヌティーティービーエス,,組織名
,,,,,,,SCSK,エスシーエスケー,エスシーエスケイ,組織名
,,,,,,,クラウドGoGoGo,クラウドゴーゴーゴー,,その他
,,,,,,,RemoTEL,リモテル,,製品名
,,,,,,,ミヤザワ,ミヤザワ,,人名
,,,,,,,マイクアレイ,マイクアレイ,,製品名
,,,,,,,マイクデバイス,マイクデバイス,,製品名
,,,,,,,カトウ,カトウ,,人名
,,,,,,,ハマハラ,ハマハラ,,人名
,,,,,,,オトグロ,オトグロ,,人名
,,,,,,,渡邊,ワタナベ,,人名
,,,,,,,アントレプレナー,アントレプレナー,,その他
,,,,,,,tech,テック,,その他
,,,,,,,エムラボ,エムラボ,,組織名
,,,,,,,BtoB,ビートゥービ,,その他
,,,,,,,葵さん,アオイサン,,人名
,,,,,,,GAFA,ガーファ,,その他
,,,,,,,WORLD SCAN PROJECT,ワールドスキャンプロジェクト,,組織名
,,,,,,,ドローンネット,ドローンネット,,組織名
,,,,,,,プラスアルファ,プラスアルファ,,その他
,,,,,,,アセスメント,アセスメント,,その他
,,,,,,,オリックス,オリックス,,組織名
,,,,,,,千葉ロッテマリーンズ,チバロッテマリーンズ,,組織名
,,,,,,,ミリョプラ,ミリョプラ,,製品名
,,,,,,,NOVA,ノヴァ,,組織名
,,,,,,,FC東京,エフシートウキョウ,,組織名
,,,,,,,メタ認知,メタニンチ,,その他
,,,,,,,サブスク,サブスク,,その他
,,,,,,,ライフチャート,ライフチャート,,その他
,,,,,,,カタルシス,カタルシス,,その他
,,,,,,,島野耕平,シマノコーへー,,人名
,,,,,,,メルティン,メルティン,,組織名
,,,,,,,粕谷君,カスヤクン,,人名
,,,,,,,MAKERS UNIVERSITY,メイカーズユニバーシティ,,組織名
,,,,,,,NIT,エヌアイティ,エヌアイティ―,組織名
,,,,,,,N中等部,エヌチュートーブ,,組織名
,,,,,,,NTT,エヌティーティー,,組織名
,,,,,,,Nippon Life X,ニッポンライフエックス,,組織名
,,,,,,,日本生命,二ホンセイメイ,ニッポンセイメイ,組織名
,,,,,,,日生情報テクノロジー,ニッセイジョウホウテクノロジー,,組織名
,,,,,,,BIO,ビーアイオー,,その他
,,,,,,,愛華さん,アイカサン,,人名
,,,,,,,RI,アールアイ,,その他
,,,,,,,裕子さん,ユウコサン,,人名
,,,,,,,沙織さん,サオリサン,,人名
,,,,,,,Twitter,ツイッター,,その他
,,,,,,,RY,アールワイ,,その他
,,,,,,,もんちゃん,モンチャン,,人名
,,,,,,,OB会,オービーカイ,,組織名
,,,,,,,前育,マエイク,,組織名
,,,,,,,凸版印刷,トッパンインサツ,,組織名
,,,,,,,真理さん,マリサン,,人名
,,,,,,,CMS,シーエムエス,,その他
,,,,,,,CX,シーエックス,,その他
,,,,,,,Miro,ミロ,,製品名
,,,,,,,Backlog,バッグログ,,製品名
,,,,,,,結城さん,ユウキサン,,人名
,,,,,,,WBS,ダブルビーエス,ダブリュービーエス,その他
,,,,,,,WPS,ダブルピーエス,,製品名
,,,,,,,NEC,エヌイーシー,,組織名
,,,,,,,JRI,ジェイアールアイ,,組織名
,,,,,,,けんせい,ケンセイ,,人名
,,,,,,,設楽さん,シダラサン,,人名
,,,,,,,相川さん,アイカワサン,,人名
,,,,,,,しらさん,シラサン,,人名
,,,,,,,ルノアール,ルノアール,,組織名
,,,,,,,シフトベースレコーダ,シフトベースレコーダ,,製品名
,,,,,,,bot,ボット,,その他
,,,,,,,Google Chrome,グーグルクローム,,その他
,,,,,,,クシダ,クシダ,,人名
,,,,,,,木村さん,キムラサン,,人名
,,,,,,,中野さん,ナカノサン,,人名
,,,,,,,Podcast,ポッドキャスト,,その他
,,,,,,,ホワイトレーベル,ホワイトレーベル,,製品名
,,,,,,,IVSC,アイブイエスシー,,その他
,,,,,,,翔,ショウ,,人名
,,,,,,,東電ホールディングス,トウデンホールディングス,,組織名
,,,,,,,尾瀬山荘,オゼサンソウ,,その他
,,,,,,,tofuNFT,トウフエヌエフティ―,トウフ,その他
,,,,,,,ウォレット,ウォレット,,その他
,,,,,,,MetaMask,メタマスク,,その他
,,,,,,,Mint,ミント,,その他
,,,,,,,Shiftbase,シフトベース,,その他
,,,,,,,Markdown,マークダウン,,その他
,,,,,,,望月さん,モチヅキサン,,人名
,,,,,,,HTML,エイチティーエムエル,,その他
,,,,,,,ピアボーナス,ピアボーナス,,その他
,,,,,,,br,ブレーク,ビーアール,その他
,,,,,,,CAMPFIRE,キャンプファイヤー,,その他
,,,,,,,Web2.0,ウェブツー,ウェブニーテンゼロ,その他
,,,,,,,ハイアービュー,ハイアービュー,,製品名
,,,,,,,トークン,トークン,,その他
,,,,,,,CVC,コーポレート ベンチャー キャピタル,シーブイシー,その他
,,,,,,,ヨウキニストさん,ヨウキニストサン,,人名
,,,,,,,純也さん,ジュンヤサン,,人名
,,,,,,,フロンター,フロンター,,その他
,,,,,,,Etherscan,イーサスキャン,,その他
,,,,,,,ASTR,アスター,,その他
,,,,,,,ブロックスカウト,ブロックスカウト,,その他
,,,,,,,吉富,ヨシトミ,,人名
,,,,,,,日生,ニッセイ,,組織名
,,,,,,,メルカリ,メルカリ,,組織名
,,,,,,,アフェクティブコンピューティング,アフェクティブコンピューティング,,その他
,,,,,,,はじめ,ハジメ,,人名
,,,,,,,けんじょう,ケンジョウ,,人名
,,,,,,,サカノ,サカノ,,人名
,,,,,,,カンダ,カンダ,,人名
,,,,,,,クボ,クボ,,人名
,,,,,,,カナイ,カナイ,,人名
,,,,,,,ハシダ,ハシダ,,人名
,,,,,,,ユニクロ,ユニクロ,,組織名
,,,,,,,ゼロアドレス,ゼロアドレス,,その他
,,,,,,,Sputniko!,スプニツコ,,人名
,,,,,,,CNS,シーエヌエス,,その他
,,,,,,,新しい経済,アタラシイケイザイ,,組織名
,,,,,,,Telegram,テレグラム,,その他
,,,,,,,Astar Cats,アスターキャッツ,,その他
,,,,,,,Open Sea,オープンシー,,その他
,,,,,,,BYAC,ビーワイエーシー,,その他
,,,,,,,BTC,ビーティ―シー,,その他
,,,,,,,ビットコイン,ビットコイン,,その他
,,,,,,,AAPL,エーエーピーエル,,その他
,,,,,,,羽田,ハネダ,,地名
,,,,,,,HDA,エイチディーエー,,その他
,,,,,,,イーサリアム,イーサリアム,,その他
,,,,,,,IPNS,アイピーエヌエス,,その他
,,,,,,,SI,エスアイ,,その他
,,,,,,,CXaaS,シーザース,,製品名
,,,,,,, Excel,エクセル,,製品名
,,,,,,,ラスタースキャン,ラスタースキャン,,その他
,,,,,,,JSONファイル,ジェイソンファイル,ジェーソンファイル,その他
,,,,,,,URI,ユーアールアイ,,その他
,,,,,,,DVD,ディーブイディー,,製品名
,,,,,,,Asterisk,アスタリスク,,製品名
,,,,,,,MMetadate,メタデータ,,その他
,,,,,,,バイトコード,バイトコード,,その他
,,,,,,,マーケットプレイス,マーケットプレイス,,その他
,,,,,,,BCP,ビーシーピー,,その他
,,,,,,,沼崎さん,ヌマザキサン,,人名
,,,,,,,スコラ・コンサルト,スコラコンサルト,,組織名
,,,,,,,Twilio,トゥイリオ,,製品名
,,,,,,,楽天,ラクテン,,組織名
,,,,,,,BlueBean,ブルービーン,,製品名
,,,,,,,アルガ,アルガ,,人名
,,,,,,,ミヤザキ,ミヤザキ,,人名
,,,,,,,土井さん,ドイサン,,人名
,,,,,,,牧島さん,マキシマさん,,人名
,,,,,,,浮島さん,ウキシマさん,,人名
,,,,,,,コセキ,コセキ,,人名
,,,,,,,イシイ,イシイ,,人名
,,,,,,,大丸,ダイマル,,組織名
,,,,,,,鳥取大丸,トットリダイマル,,組織名
,,,,,,,JA,ジェイエー,,組織名
,,,,,,,日産,ニッサン,,組織名
,,,,,,,ダイハツ,ダイハツ,,組織名
,,,,,,,パーパース,パーパース,,製品名
,,,,,,,JFR,ジェーエフアール,,組織名
,,,,,,,Jフロントリテイリング,ジェイフロントリテイリング,,組織名
,,,,,,,下垣さん,シシモガキサン,,人名
,,,,,,,今野さん,コンノサン,,人名
,,,,,,,大西さん,オオニシサン,,人名
,,,,,,,東京大丸,トウキョウダイマル,,組織名
,,,,,,,子ども食堂,コドモショクドウ,,その他
,,,,,,,ノートン,ノートン,,製品名
,,,,,,,佐藤,サトウ,,人名
,,,,,,,シフトベース,シフトベース,,その他
,,,,,,,AU,エーユー,,組織名
,,,,,,,ディアログ,ディアログ,,その他
,,,,,,,コンバージョン,コンバージョン,,その他
,,,,,,,信也さん,シンヤサン,,人名
,,,,,,,ヤマト,ヤマト,,組織名
,,,,,,,富士ソフト,フジソフト,,組織名
,,,,,,,フロントエンド,フロントエンド,,その他
,,,,,,,バーセル,バーセル,,その他
,,,,,,,幻冬舎,ゲントウシャ,,組織名
,,,,,,,Git,ギット,ギットー,その他
,,,,,,,ロリポップ,ロリポップ,,その他
,,,,,,,井保木さん,イホギサン,,人名
,,,,,,,細谷さん,ホソヤサン,,人名
,,,,,,,海浜幕張,カイヒンマクハリ,,地名
,,,,,,,成瀬さん,ナルセサン,,人名
,,,,,,,水木さん,ミズキサン,,人名
,,,,,,,望月,モチヅキ,,人名
,,,,,,,ABEMA,アベマ,,その他
,,,,,,,天王山,テンノウザン,,地名
,,,,,,,商工中金,ショウコウチュウキン,,組織名
,,,,,,,野口さん,ノグチサン,,人名
,,,,,,,片山さん,カタヤマサン,,人名
,,,,,,,高野さん,タカノサン,,人名
,,,,,,,ヤマカン,ヤマカン,,組織名
,,,,,,,IDS,アイディーエス,,組織名
,,,,,,,須山さん,スヤマサン,,人名
,,,,,,,加藤さん,カトウサン,,人名
,,,,,,,鈴木さん,スズキサン,,人名
,,,,,,,デスポノーズ,デスポノーズ,,その他
,,,,,,,吉田設計,ヨシダセッケイ,,組織名
,,,,,,,袋井市,フクロイシ,,地名
,,,,,,,マテハン,マテハン,,その他
,,,,,,,モリショウ,モリショウ,,組織名
,,,,,,,塚本さん,ツカモトサン,,人名
,,,,,,,マルメイ,マルメイ,,組織名
,,,,,,,椋野さん,ムクノサン,,人名
,,,,,,,ボイラー,ボイラー,,その他
,,,,,,,タービン,タービン,,その他
,,,,,,,BRIDGITAL®,ブリジタル,,その他
,,,,,,,鈴木工務店,スズキコウムテン,,組織名
,,,,,,,姫野さん,ヒメノサン,,人名
,,,,,,,メットライフ生命,メットライフセーメー,,組織名
,,,,,,,向野さん,ムコノサン,,人名
,,,,,,,パーパス,パーパス,,その他
,,,,,,,羽鳥沢さん,ハトリサワサン,,人名
,,,,,,,近藤さん,コンドウサン,,人名
,,,,,,,LINE WORKS,ラインワークス,,その他
,,,,,,,寺部さん,テラベサン,,人名
,,,,,,,サスティナビリティ,サスティナビリティ,,その他
,,,,,,,百田,モモタサン,,人名
,,,,,,,ヒューマンメディアカンパニー,ヒューマンメディアカンパニー,,組織名
,,,,,,,ティーガイア,ティーガイア,,組織名
,,,,,,,サンド,サンド,,組織名
,,,,,,,シャプロ,シャプロ,,組織名
,,,,,,,SEO,エスイーオー,,その他
,,,,,,,BtoC,ビートゥシー,ビートゥーシー,その他
,,,,,,,株式会社新潟ジャムコ,カブシキガイシャニイガタジャムコ,,組織名
,,,,,,,公益通報者保護法,コウエキツウホウシャホゴホウ,,その他
,,,,,,,オウンドメディア,オウンドメディア,,その他
,,,,,,,株式会社ジャムコ,カブシキガイシャジャムコ,,組織名
,,,,,,,中条ジャムコ,ナカジョージャムコ,,組織名
,,,,,,,オンボーディング,オンボーディング,,その他
,,,,,,,全英オープン,ゼンエイオープン,,その他
,,,,,,,デジタルツイン,デジタルツイン,,その他
,,,,,,,ボーイング,ボーイング,,組織名
,,,,,,,AIG女子オープン,エーアイジージョシオープン,,その他
,,,,,,,カヤバ,カヤバ,,組織名
,,,,,,,PDRファーま,ピーディーアールファーマ,,組織名
,,,,,,,中山さん,ナカヤマサン,,人名
,,,,,,,ベイスターズ,ベイスターズ,,組織名
,,,,,,,横浜ベイスターズ,ヨコハマベイスターズ,,組織名
,,,,,,,伴さん,バンサン,,人名
,,,,,,,大倉さん,オオクラサン,,人名
,,,,,,,クリックツーコール,クリックツーコール,,その他
,,,,,,,docomo,ドコモ,,組織名
,,,,,,,スマホ,スマホ,,その他
,,,,,,,アイ・オー・データ,アイ・オー・データ,,組織名
,,,,,,,てれたっち,テレタッチ,,製品名
,,,,,,,電帳法,デンチョーホー,デンチョウホウ,その他
,,,,,,,DX2.0,ディーエックスツー,,その他
,,,,,,,2030PROJECT,ニセンサンジューネンプロジェクト,ニーゼロサンゼロプロジェクト,
,,,,,,,スマートフォン,スマートフォン,,その他
,,,,,,,ガラケー,ガラケー,,その他
,,,,,,,iPhone,アイフォン,アイフォーン,製品名
,,,,,,,土竜さん,モグラサン,,人名
,,,,,,,寺井さん,テライサン,,人名
,,,,,,,立川さん,タチカワサン,,人名
,,,,,,,唯ちゃん,ユイチャン,,人名
,,,,,,,吉岡さん,ヨシオカサン,,人名
,,,,,,,ウシガエル,ウシガエル,,その他
,,,,,,,アマガエル,アマガエル,,その他
,,,,,,,加須山さん,カスヤマサン,,人名
,,,,,,,寺山さん,テラウチサン,,人名
,,,,,,,生田さん,イクタサン,,人名
,,,,,,,TDC,ティーディーシー,,組織名
,,,,,,,富士ゼロックス,フジゼロックス,,組織名
,,,,,,,山門さん,ヤマカドサン,,人名
,,,,,,,田辺さん,タナベサン,,人名
,,,,,,,勝山さん,カツヤマサン,,人名
,,,,,,,Sensitivity Analysis,センシティビリティアナリシス,,その他
,,,,,,,タモさん,タモサン,,人名
,,,,,,,TDCソフト,ティーディーシーソフト,,組織名
,,,,,,,蓑手さん,ミノデサン,,人名
,,,,,,,寺木さん,デラキさん,,人名
,,,,,,,フォレストエナジー,フォレストエナジー,,組織名
,,,,,,,Share Point,シェアポイント,,その他
,,,,,,,トレロ,トレロ,,その他
,,,,,,,Udemy,ユーデミー,,その他
,,,,,,,ISID,アイエスアイディー,,組織名
,,,,,,,CAPEX,キャペックス,,その他
,,,,,,,IR,アイアール,,その他
,,,,,,,PIRR,ピーアイアールアール,,
,,,,,,,Dr.Sum,ドクターサム,,その他
,,,,,,,SMP,エスエムピー,,その他
,,,,,,,アルプスアルパイン,アルプスアルパイン,,組織名
,,,,,,,ALSI,アルシー,,その他
,,,,,,,Anaplan,アナプラン,,組織名
,,,,,,,三菱重工,ミツビシジューコー,,組織名
,,,,,,,川崎重工,カワサキジューコー,,組織名
,,,,,,,SUBARU,スバル,,組織名
,,,,,,,住友精密工業,スミトモセイミツコーギョー,,組織名
,,,,,,,横浜ゴム,ヨコハマゴム,,組織名
,,,,,,,TDB,ティーディービー,テイコクデータバンク,組織名
,,,,,,,神奈川県庁,カナガワケンチョウ,,組織名
,,,,,,,日本セレモニー,二ホンセレモニー,,組織名
,,,,,,,エアバス社,エアバスシャ,,組織名
,,,,,,,フジミック,フジミック,,組織名
,,,,,,,フィリピン,フィリピン,,地名
,,,,,,,シンガポール,シンガポール,,地名
,,,,,,,ドコモショップ町田忠生店,ドコモショップマチダタダオテン,,組織名
,,,,,,,医療法人社団天紀会,イリョウホウジンシャダンテンキカイ,,組織名
,,,,,,,株式会社メディヴァ,カブシキガイシャメディヴァ,,組織名
,,,,,,,MNP,エムエヌピー,,その他
,,,,,,,松島さん,マツシマサン,,人名
,,,,,,,斎藤さん,サイトウサン,,人名
,,,,,,,宮沢さん,ミヤザワサン,,人名
,,,,,,,MDM,エムディーエム,,その他
,,,,,,,UNIVERGE,ユニバージュ,,製品名
,,,,,,,SST500,エスティーゴヒャク,,その他
,,,,,,,宮崎ジャムコ,ミヤザキジャムコ,,組織名
,,,,,,,国交省,コッコーショー,,組織名
,,,,,,,TP-Link,ティーピーリンク,,その他
,,,,,,,バッファロー,バッファロー,,製品名
,,,,,,,LAN,ラン,,その他
,,,,,,,テクマトリックス,テトラマックス,,組織名
,,,,,,,FastHelp,ファーストヘルプ,,製品名
,,,,,,,Fastシリーズ,ファーストシリーズ,,製品名
,,,,,,,アルケル,アルケル,,組織名
,,,,,,,日経ムック,ニッケイムック,,製品名
,,,,,,,大阪大学,オオサカダイガク,,組織名
,,,,,,,マッキンゼー,マッキンゼー,,組織名
,,,,,,,ハーバード,ハーバード,,組織名
,,,,,,,SE,エスイー,,その他
,,,,,,,マージ,マージ,,その他
,,,,,,,ブラザー,ブラザー,,組織名
,,,,,,,広沢さん,ヒロサワサン,,人名
,,,,,,,石井さん,イシイサン,,人名
,,,,,,,大井電気,オオイデンキ,,組織名
,,,,,,,新さん,アラタサン,,人名
,,,,,,,羽鳥さん,ハトリサン,,人名
,,,,,,,オオイテクノ,オオイテクノ,,組織名
,,,,,,,日本フィールド・エンジニアリング,二ホンフィールドエンジニアリング,,組織名
,,,,,,,日本テクニカル・サービス,二ホンテクニカルサービス,,組織名
,,,,,,,ケーブルテレビ,ケーブルテレビ,,製品名
,,,,,,,Coin Post,コインポスト,,その他
,,,,,,,日本事務器株式会社,ニホンジムキカブシキガイシャ,,組織名
,,,,,,,OmniJoin,オムニジョイン,,その他
,,,,,,,ex,イーエックス,,その他
,,,,,,,渉さん,ワタルサン,,人名
,,,,,,,ディスコードサーバー,ディスコードサーバー,,その他
,,,,,,,日本アビオニクス,二ホンアビオニクス,,組織名
,,,,,,,サンコーシヤ,サンコーシヤ,,組織名
,,,,,,,日本アンテナ,二ホンアンテナ,,組織名
,,,,,,,オーイズミ,オーイズミ,,組織名
,,,,,,,DX,ディーエックス,,その他
,,,,,,,小倉さん,オグラサン,,人名
,,,,,,,東光高岳,トウコウタカオカ,,組織名
,,,,,,,東京大学,トーキョーダイガク,,組織名
,,,,,,,官公庁,カンコーチョー,,組織名
,,,,,,,GigaCC,ギギガシーシー,,製品名
,,,,,,,ポケットベル,ポケットベル,ポケベル,製品名
,,,,,,,PHS,ピーエイチエス,,製品名
,,,,,,,侑紀さん,ゆうきさん,,人名
,,,,,,,日本航空技術協会,二ホンコークーギジュツキョーカイ,,組織名
,,,,,,,Wi-Fi,ワイファイ,,その他
,,,,,,,フリーWi-Fi,フリーワイファイ,,その他
,,,,,,,Beacapp Here,ビーキャップヒヤ,,その他
,,,,,,,GPS,ジーピーエス,グローバル・ポジショニング・システム,その他
,,,,,,,RPU,アールピーユー,,製品名
,,,,,,,RPA,アールピーエー,ロボティック・プロセス・オートメーション,その他
,,,,,,,TG電気,ティージーデンキ,,その他
,,,,,,,水沢,ミズサワ,,地名
,,,,,,,岩手県,イワテケン,,地名
,,,,,,,ISO,アイエスオー,,その他
,,,,,,,Google Glass,グーグルグラス,,製品名
,,,,,,,VPN,ヴィーピーエヌ,ブイピーエヌ,その他
,,,,,,,SFA,エスエフエー,セールス・フォース・オートメーション,その他
,,,,,,,Outlook,アウトルック,,その他
,,,,,,,オーセンティック,オーセンティック,,組織名
,,,,,,,Akerun,アケルン,,製品名
,,,,,,,３６５,サンロクゴ,,製品名
,,,,,,,36協定,サブロクキョーテイ,,その他
,,,,,,,パナソニック,パナソニック,,組織名
,,,,,,,eSmileCall,イースマイルコール,,製品名
,,,,,,,kintone,キントーン,,製品名
,,,,,,,恵美さん,エミサン,,人名
,,,,,,,5G,ファイブジー,,その他
,,,,,,,村上,ムラカミ,,地名
,,,,,,,新潟,ニイガタ,,地名
,,,,,,,すずらんクリニック,スズランクリニック,,組織名
,,,,,,,都築電機,ツヅキデンキ,,組織名
,,,,,,,DUNS,ダンズ,,その他
,,,,,,,富士航空,フジコークー,,組織名
,,,,,,,ハイエンド６,ハイエンドシックス,,その他
,,,,,,,Relay 2,リレイツー,,製品名
,,,,,,,IoT,アイオーティー,,その他
,,,,,,,メンタリング・プログラム,メンタリング・プログラム,,その他
,,,,,,,サンフランシスコ,サンフランシスコ,,地名
,,,,,,,ボストン,ボストン,,地名
,,,,,,,冷水さん,ヒヤミズサン,,人名
,,,,,,,CIC,シーアイシー,ケンブリッジ・イノベーション・センター,組織名
,,,,,,,USマック,ユーエスマック,,組織名
,,,,,,,粟田さん,アワタサン,,人名
,,,,,,,水沢江刺,ミミズサワエサシ,,地名
,,,,,,,JALカード,ジャルカード,,製品名
,,,,,,,東京,トーキョー,,地名
,,,,,,,山本さん,ヤマモトサン,,人名
,,,,,,,計良さん,ケラサン,,人名
,,,,,,,喜多さん,キタサン,,人名
,,,,,,,寺澤さん,テラサワサン,,人名
,,,,,,,高度急性期,コウドキュウセイキ,,その他
,,,,,,,ADI,エーディーアイ,,その他
,,,,,,,片桐,カタギリ,,人名
,,,,,,,ブンナビ,ブンナビ,,組織名
,,,,,,,メディナス,メディナス,,組織名
,,,,,,,マイナビ,マイナビ,,組織名
,,,,,,,マモリナ,マモリナ,,製品名
,,,,,,,SFcapital,スエフキャピタル,,組織名
,,,,,,,グローバル・アクセラレーション・ハブ,グローバル・アクセラレーション・ハブ,,その他
,,,,,,,XR,エックスアール,,その他
,,,,,,,PowerPoint,パワーポイント,,製品名
,,,,,,,リクルート,リクルート,,組織名
,,,,,,,３Dビュー,スリーディービュー,,その他
,,,,,,,ストリーミング,ストリーミング,,その他
,,,,,,,Matterport,マターポート,マーターポート,その他
,,,,,,,JETRO,ジェトロ,,組織名
,,,,,,,メンローパーク,メンローパーク,,地名
,,,,,,,マウンテンビュー,マウンテンビュー,,地名
,,,,,,,フィナンシャル・ディストリクト,フィナンシャル・ディストリクト,,地名
,,,,,,,ミッション,ミッション,,地名
,,,,,,,サンマテオ,サンマテオ,,地名
,,,,,,,志田,シダ,,人名
,,,,,,,USMAC,ユーエスマック,,組織名
,,,,,,,島,シマ,,人名
,,,,,,,合説,ゴウセツ,,その他
,,,,,,,二十四卒,ニジュウヨンソツ,,その他
,,,,,,,東部医療センター,トウブイリョウセンター,,組織名
,,,,,,,西部医療センター,セイブイリョウセンター,,組織名
,,,,,,,Eビザ,イービザ,,その他
,,,,,,,緑市民病院,ミドリシミンビョウイン,,組織名
,,,,,,,PV数,ピーブイスウ,,その他
,,,,,,,UU数,ユーユースウ,,その他
,,,,,,,松本看護部長,マツモトカンゴブチョウ,,人名
,,,,,,,ボラレエポス,ボラレエポス,,組織名
,,,,,,,庄司,ショウジ,,人名
,,,,,,,Amazon Alexa,アマゾンアレクサ,,製品名
,,,,,,,Siri,シリ,,製品名
,,,,,,,改正通報者公益保護法,カイセイツウホウシャコウエキホゴホウ,,その他
,,,,,,,ISS認証,アイエスエスニンショウ,,その他
,,,,,,,内部通報制度,ナイブツウホウセイド,,その他
,,,,,,,臨床心理士,リンショウシンリシ,リンショーシンリシ,その他
,,,,,,,精神保健福祉士,セイシンホケンフクシシ,,その他
,,,,,,,遠州チップ,エンシュウチップ,,組織名
,,,,,,,遠州フォレストエナジー,エンシュウフォレストエナジー,,組織名
,,,,,,,シリコンバレー,シリコンバレー,,地名
,,,,,,,ディスラプト,ディスラプト,,その他
,,,,,,,富士桜,フジザクラ,フジサクラ,組織名
,,,,,,,アクセラレーションプログラム,アクセラレーションプログラム,,その他
,,,,,,,Techstars,テックスターズ,テックスター,組織名
,,,,,,,アルケミスト,アルケミスト,,組織名
,,,,,,,SkyDeck,スカイデック,スカイデッキ,組織名
,,,,,,,ディープテック,ディープテック,,その他
,,,,,,,ロボティクス,ロボティクス,,その他
,,,,,,,ドメイン,ドメイン,,その他
,,,,,,,ウィジェット,ウィジェット,,その他
,,,,,,,TechCrunch Disrupt,テッククランチディスラプト,,その他
,,,,,,,コンサルタント,コンサルタント,コンサル,その他
,,,,,,,つぶつぶ,ツブツブ,,組織名
,,,,,,,ロート製薬,ロートセイヤク,,組織名
,,,,,,,こんぷろカスタム,コンプロカスタム,,その他
,,,,,,,GTM,ジーティーエム,,製品名
,,,,,,,ヨーロッパ,ヨーロッパ,,地名
,,,,,,,パリ,パリ,,地名
,,,,,,,アジア,アジア,,地名
,,,,,,,ニューヨーク,ニューヨーク,,地名
,,,,,,,北米,ホクベー,,地名
,,,,,,,EXIT,エグジット,イグジット,その他
,,,,,,,八戸,ハチノヘ,,人名
,,,,,,,TOC,ティーオーシー,,その他
,,,,,,,BtoBtoC,ビートゥービートゥーシー,,その他
,,,,,,,Global Scaleコース,グローバルスケールコース,,その他
,,,,,,,Global Preparationコース,グローバルプレパレーションコース,,その他
,,,,,,,UQ,ユーキュー,,製品名
,,,,,,,Enterprise,エンタープライズ,,その他
,,,,,,,木島,キジマ,,人名
,,,,,,,宇佐美,ウサミ,,人名
,,,,,,,新宮,シングウ,,地名
,,,,,,,PFU,ピーエフユー,,組織名
,,,,,,,タイムスタンプ,タイムスタンプ,,製品名
,,,,,,,池田さん,イケダサン,,人名
,,,,,,,biz,ビズ,,その他
,,,,,,,モバイルsuica,モバイルスイカ,,製品名
,,,,,,,モバイルPASMO,モバイルパスモ,,製品名
,,,,,,,Moneytree,マネーツリー,,製品名
,,,,,,,吉良さん,キラサン,,人名
,,,,,,,マネーフォワード,マネーフォワード,,組織名
,,,,,,,日下,クサカ,,人名
,,,,,,,タイムズ,タイムズ,,その他
,,,,,,,OCR,オーシーアール,,製品名
,,,,,,,らくらく,ラクラク,,組織名
,,,,,,,Concur,コンカー,,組織名
,,,,,,,真鍋,マナベ,,人名
,,,,,,,浦山,ウラヤマ,,人名
,,,,,,, LINE CLOVA,ラインクローバー,,組織名
,,,,,,,Mac,マック,,製品名
,,,,,,,GM,ジーエム,,その他
,,,,,,,伊藤,イトウ,,人名
,,,,,,,間山,マヤマ,,人名
,,,,,,,TEAM OF TEAMS,チームオブチームス,チーム・オブ・チームズ,製品名
,,,,,,,コージェントラボ,コージェントラボ,,組織名
,,,,,,,茜,アカネ,,人名
,,,,,,,峯藤,ミネフジ,,人名
,,,,,,,北村,キタムラ,,人名
,,,,,,,首藤,シュドー,,人名
,,,,,,,中国,チューゴク,,地名
,,,,,,,今島,イマシマ,,人名
,,,,,,,岡松,オカマツ,,人名
,,,,,,,敦,アツシ,,人名
,,,,,,,Zendesk,ゼンデスク,,製品名
,,,,,,,村山,ムムラヤマ,,人名
,,,,,,,カウンセリングオンライン,カウンセリングオンライン,,製品名
,,,,,,,Coachat,コーチャット,,組織名
,,,,,,,ドラゴンボール,ドラゴンボール,,その他
,,,,,,,スカウター,スカウター,,その他
,,,,,,,横河電機,ヨコカワデンキ,,組織名
,,,,,,,ワークス,ワークス,,組織名
,,,,,,,タスク,タスク,,組織名
,,,,,,,PERSOL,パーソル,,組織名
,,,,,,,BBIZUTTO,ビズット,,組織名
,,,,,,,聴くトレ,キクトレ,,製品名
,,,,,,,安全自動車,アンゼンジドウシャ,,組織名
,,,,,,,駅すぱあと,エキスパアト,,製品名
,,,,,,,楽天Edy,ラクテンエディー,,製品名
,,,,,,,STM,エスティーエム,,その他
,,,,,,,STMレコーダー,エスティーエムレコーダー,,製品名
,,,,,,,名古屋市立大学,ナゴヤシリツダイガク,,組織名
,,,,,,,豊橋市民病院,トヨハシシミンビョーイン,,組織名
,,,,,,,豊川市民病院,トヨカワシミンビョーイン,,組織名
,,,,,,,YeLL,エール,,組織名
,,,,,,,名古屋市立大学病院,ナゴヤシリツダイガクビョウン,,組織名
,,,,,,,奈良,ナラ,,地名
,,,,,,,紀伊半島,キイハントウ,,地名
,,,,,,,和歌山,ワカヤマ,,地名
,,,,,,,三重,ミエ,,地名
,,,,,,,愛知県,アイチケン,,地名
,,,,,,,Yahoo!,ヤフー,,組織名
,,,,,,,ナース専科,ナースセンカ,,その他
,,,,,,,東海,トウカイ,,地名
,,,,,,,ウインクあいち,ウインクアイチ,,その他
,,,,,,,YeLLライト,エールライト,,製品名
,,,,,,,三菱重工業,ミツビシジュウコウギョウ,,組織名
,,,,,,,刈谷,カリヤ,,人名
,,,,,,,OS,オーエス,,製品名
,,,,,,,ai,アイー,,製品名
,,,,,,,Edge,エッジ,,製品名
,,,,,,,志村,シムラ,,人名
,,,,,,,ブレイクアウトルーム,ブレイクアウトルーム,,その他
,,,,,,,ブレイクアウトセッション,ブレイクアウトセッション,,その他
,,,,,,,ベストプラクティス,ベストプラクティス,,その他
,,,,,,,志麻,シマ,,人名
,,,,,,,RSpec,アールスペック,,その他
,,,,,,,RoboCop,ロボコップ,,その他
,,,,,,,北畠,キタバタケ,,人名
,,,,,,,HTTPステータスコード,ヘイチピーピーステータスコード,,その他
,,,,,,,TDD,ティーディーディー,,その他
,,,,,,,BDD,ビーディーディー,,その他
,,,,,,,Java,ジャバ,,製品名
,,,,,,,JUnit,ジェイユニット,,製品名
,,,,,,,Webex,ウェブエックス,,製品名
,,,,,,,Cisco,シスコ,,組織名
,,,,,,,島根,シマネケン,,地名
,,,,,,,Volter,ボルタ―,ボルタ,製品名
,,,,,,,平取町,ビラトリチョウ,,地名
,,,,,,,アイランドモード,アイランドモード,,その他
,,,,,,,高砂熱学,タカサゴネツガク,,組織名
,,,,,,,つくば,ツクバ,,地名
,,,,,,,ダイヤルサービスレコーダー,ダイヤルサービスレコーダー,,その他
,,,,,,,テスラ,テスラ,,組織名
,,,,,,,エイチツー,エイチツー,,その他
,,,,,,,日本クレアス社会保険労務士法人,ニホンクレアスシャカイロウムシホウジン,,組織名
,,,,,,,パワハラ防止法,パワハラボーシホー,,その他
,,,,,,,TBC,ティービーシー,,組織名
,,,,,,,楽楽精算,ラクラクセイサン,,製品名
,,,,,,,ホットライン,ホットライン,,その他
,,,,,,,サイクロス,サイクロス,,製品名
,,,,,,,ECOAS,エコーズ,,製品名
,,,,,,,オフグリッドユニット,オフグリッドユニット,,製品名
,,,,,,,固定価格買い取り制度,コテイカカクカイトリセイド,,その他
,,,,,,,ハラスメント・人間関係ホットライン,ハラスメントニンゲンカンケイホットライン,,その他
,,,,,,,EV,イーブイ,,製品名
,,,,,,,北海道,ホッカイドウ,,地名
,,,,,,,産業カウンセラー,サンギョーカウンセラー,,その他
,,,,,,,ナスキー,ナスキー,,その他
,,,,,,,AIマッチング,エーアイマッチング,,製品名
,,,,,,,鳩谷さん,ハトヤサン,,人名
,,,,,,,上北さん,ウエキタサン,,人名
,,,,,,,JAL,ジャル,,組織名
,,,,,,,PNG,ピング,,その他
,,,,,,,FAQ,エフエーキュウ,,その他
,,,,,,,SP,エスピー,,その他
,,,,,,,FF,エフエフ,,その他
,,,,,,,ゆきみさん,ユキミサン,,
,,,,,,,国領さん,コクリョウサン,,人名
,,,,,,,北条さん,ホウジョウさん,,人名
,,,,,,,農業総合研究所,ノウギョウソウゴウケンキュウジョ,,組織名
,,,,,,,大井町,オオイマチ,,地名
,,,,,,,デジタルガレージ,デジタルガレージ,,組織名
,,,,,,,ベンチャーキャピタル,ベンチャーキャピタル,,その他
,,,,,,,カーボンクレジット,カーボンクレジット,,その他
,,,,,,,東京センチュリー,トーキョーセンチュリー,トウキョウセンチュリー,組織名
,,,,,,,セイホク,セイホク,,組織名
,,,,,,,秋田プライウッド,アキタプライウッド,,組織名
,,,,,,,バイオマスボイラー,バイオマスボイラー,,製品名
,,,,,,,CHP,シーエイチピー,,その他
,,,,,,,ネポン,ネポン,,組織名
,,,,,,,バイオマス,バイオマス,,その他
,,,,,,,久保さん,クボサン,,人名
,,,,,,,津和野町,ツワノチョウ,,地名
,,,,,,,町役場,マチヤクバ,,組織名
,,,,,,,ファイナンスクローズ,ファイナンスクローズ,,その他
,,,,,,,川田さん,カワタサン,,人名
,,,,,,,モンベル品川店,モンベルシナガワテン,,組織名
,,,,,,,やまとわ,ヤマトワ,,組織名
,,,,,,,乗鞍高原ゼロカーボンパーク,ノリクラコウゲンゼロカーボンパーク,,組織名
,,,,,,,エル4,エルヨン,,その他
,,,,,,,エネット,エネット,,組織名
,,,,,,,アノードエナジー,アノードエナジー,,組織名
,,,,,,,ティージェーグループ,ティージェーグループ,,組織名
,,,,,,,ティージェーグループホールディングス,ティージェーグループホールディングス,,組織名
,,,,,,,グリーンパワー大東,グリーンパワーダイトウ,,組織名
,,,,,,,最終保障供給,サイシュウホジョウキョウキュウ,,その他
,,,,,,,関西電力送配電,カンサイデンリョクソウハイデン,,組織名
,,,,,,,前田商行,マエダショウコウ,,組織名
,,,,,,,T4プラス,ティーフォープラス,,製品名
,,,,,,,ペレット,ペレット,,その他
,,,,,,,ユーアールイー,ユナイテッドリニューアブルエナジー,,組織名
,,,,,,,PKS,ピーケーエス,,その他
,,,,,,,丸茂組,マルシゲグミ,,組織名
,,,,,,,堀川林業,ホリカワリンギョウ,,組織名
,,,,,,,北日本索道,キタニホンサクドウ,,組織名
,,,,,,,ダイセン,ダイセン,,組織名
,,,,,,,能代運輸,ノシロウンユ,,組織名
,,,,,,,新東海製紙,シントウカイセイシ,,組織名
,,,,,,,王子製紙,オウジセイシ,,組織名
,,,,,,,大王製紙,ダイオウセイシ,,組織名
,,,,,,,マルミヤ建設,マルミヤケンセツ,,組織名
,,,,,,,ミズキ林産,ミズキリンサン,,組織名
,,,,,,,中村商会,ナカムラショウカイ,,組織名
,,,,,,,遠州資源クリエイト,エンシュウシゲンクリエイト,,組織名
,,,,,,,生駒,イコマ,,地名
,,,,,,,TJグループホールディングス,ティージェーグループホールディングス,ティージェイグループホールディングス,組織名
,,,,,,,TJホールディングス,ティージェーホールディングス,ティージェイホールディングス,組織名
,,,,,,,古座川,コザガワ,コザカワ,地名
,,,,,,,二酸化炭素排出権クレジット,ニサンカタンソハイシュツケンクレジット,,その他
,,,,,,,J-クレジット,ジェークレジット,ジェイクレジット,その他
,,,,,,,デシカント空調,デシカントクウチョウ,,その他
,,,,,,,BCP対策,ビーシーピータイサク,,その他
,,,,,,,GoogleMap,グーグルマップ,,製品名
,,,,,,,アウトバウンド,アウトバウンド,,その他
,,,,,,,FIT,フィット,,その他
,,,,,,,群馬,グンマ,,地名
,,,,,,,渋川,シブカワ,,地名
,,,,,,,IoT Hub,アイオーティーハブ,,その他
,,,,,,,マスターピース,マスターピース,,組織名
,,,,,,,フィンランド,フィンランド,,地名
,,,,,,,Assert,アサート,,その他
,,,,,,,桜山,サクラヤマ,,地名
,,,,,,,川澄キャンパス,カワスミキャンパス,,組織名
,,,,,,,コンテキスト,コンテキスト,,その他
,,,,,,,名古屋,ナゴヤ,,地名
,,,,,,,東海エリア,トウカイエリア,,地名
,,,,,,,ID,アイディー,,その他
,,,,,,,関東,カントウ,,地名
,,,,,,,理恵,リエ,,人名
,,,,,,,大塚商会,オーツカショーカイ,,組織名
,,,,,,,赤坂,アカサカ,,地名
,,,,,,,青山,アオヤマ,,地名
,,,,,,,霞が関,カスミガセキ,,地名
,,,,,,,吉野,ヨシノ,,地名
,,,,,,,長南町,チョウナンマチ,チョウナンチョウ,地名
,,,,,,,房総半島,ボウソウハントウ,,地名
,,,,,,,横浜,ヨコハマ,,地名
,,,,,,,埼玉,サイタマ,,地名
,,,,,,,千代田化工建設,チヨダカコウケンセツ,,組織名
,,,,,,,日本風力発電株式会社,二ホンフウリョクカイハツカブシキガイシャ,,組織名
,,,,,,,洋上風力発電,ヨウジョウフウリョクハツデン,,その他
,,,,,,,SMILEα,スマイルアルファ,,製品名
,,,,,,,オービック,オービック,,組織名
,,,,,,,弥生,ヤヨイ,,組織名
,,,,,,,PDC ,ピーディーシー,,その他
,,,,,,,ウイルスバスター,ウイルスバスター,,製品名
,,,,,,,エンドポイントセキュリティ,エンドポイントセキュリティ,,その他
,,,,,,,たのめーる,タノメール,,組織名
,,,,,,,HABA,ハーバー,,組織名
,,,,,,,CAD,キャド,,製品名
,,,,,,,虎ノ門,トラノモン,,地名
,,,,,,,吉祥学園,キッショーガクエン,,組織名
,,,,,,,Syncraft,シンクラフト,,製品名
,,,,,,,津軽,ツガル,,地名
,,,,,,,Uber Eats,ウーバーイーツ,,その他
,,,,,,,有森,アリモリ,,人名
,,,,,,,相見積もり,アイミツモリ,,その他
,,,,,,,多摩,タマ,,地名
,,,,,,,トップダウン,トップダウン,,その他
,,,,,,,LA,エルエー,ラージアカウント,組織名
,,,,,,,英語４技能,エイゴヨンギノー,,その他
,,,,,,,POD,ピーオーディー,,その他
,,,,,,,札幌,サッポロ,,地名
,,,,,,,仙台,センダイ,,地名
,,,,,,,中部,チューブ,,地名
,,,,,,,神戸,コーベ,,地名
,,,,,,,京都,キョート,,地名
,,,,,,,広島,シロシマ,,地名
,,,,,,,インセンティブ,インセンティブ,,その他
,,,,,,,きらぼし銀行,キラボシギンコウ,,組織名
,,,,,,,Windows Media Player,ウィンドウズメディアプレーヤー,,製品名
,,,,,,,CNN,シーエヌエヌ,,その他
,,,,,,,CDP,シーディーピー,,その他
,,,,,,,TREASURE,トレジャー,,製品名
,,,,,,,エイチームコネクト,エイチームコネクト,,組織名
,,,,,,,エイチームライフデザイン,エイチームライフデザイン,,組織名
,,,,,,,テレフォニープラットフォーム,テレフォニープラットフォーム,,その他
,,,,,,,CT-e1/SaaS,シーティーイーワンサース,,製品名
,,,,,,,パワハラ,パワハラ,,その他
,,,,,,,ウェブコム,ウェブコム,,組織名
,,,,,,,クラウドPBX,クラウドピービーエックス,,製品名
,,,,,,,FortiGate,フォーティーゲット,,製品名
,,,,,,,村田,ムラタ,,人名
,,,,,,,エーアイスクエア,エーアイスクエア,,組織名
,,,,,,,宇都宮,ウツノミヤ,,地名
,,,,,,,エーエスピーアール,エーエスピーアール,,組織名
,,,,,,,サム,サム,,その他
,,,,,,,株式会社オルツ,オルツ,,組織名
,,,,,,,コスダック,コスダック,,組織名
,,,,,,,津山,ツヤマ,,地名
,,,,,,,アクティブ・ラーニング,アクティブラーニング,,その他
,,,,,,,フレコンバック,フレコンバック,,その他
,,,,,,,シフトベース,シフトベース,,組織名
,,,,,,,函館,ハコダテ,,地名
,,,,,,,社労士,シャローシ,,その他
,,,,,,,対馬海峡,ツシマカイキョウ,,その他
,,,,,,,エンジニアリング,エンジニアリング,,その他
,,,,,,,日本製紙,ニッポンセイシ,　,組織名
,,,,,,,DM,ダイレクトメール,ディーエム,その他
,,,,,,,熊本,クマモト,,地名
,,,,,,,八代,ヤツシロ,,地名
,,,,,,,東京,トーキョー,,地名
,,,,,,,ブロックチェーン,ブロックチェーン,,その他
,,,,,,,分記法,ブンキホー,,その他
,,,,,,,NFP,エヌエフピー,,その他
,,,,,,,デプロイ,デプロイ,,その他
,,,,,,,MHPS,エムエイチピーエス,,組織名
,,,,,,,岩沼,イワヌマ,,地名
,,,,,,,宮城,ミヤギ,,地名
,,,,,,,循環流動層ボイラー,ジュンカンリュウドウソウボイラー,,製品名
,,,,,,,秋田,アキタ,,地名
,,,,,,,ボードメンバー,ボードメンバー,,その他
,,,,,,,GビズID,ジービズアイディー,,その他
,,,,,,,アッシュコンベヤ,アッシュコンベヤ,,その他
,,,,,,,IT,アイティー,,その他
,,,,,,,岡山,オカヤマ,,地名
,,,,,,,静岡,シズオカ,,地名
,,,,,,,社会保険労務士,シャカイホケンロームシ,,その他
,,,,,,,The European Biochar Certificate,ヨーロピアンバイオチャーサーティフィキット,,その他
,,,,,,,スウェーデン,スウェーデン,,地名
,,,,,,,太平電業株式会社,タイヘイデンギョウカブシキガイシャ,,組織名
,,,,,,,EPC,イーピーシー,,その他
,,,,,,,Cortus,コルタス,,組織名
,,,,,,,ふもとっぱら,フモトッパラ,,その他
,,,,,,,福島商店,フクシマショウテン,,組織名
,,,,,,,日本コムシス,二ホンコムシス,,組織名
,,,,,,,ACP,エーシーピー,,製品名
,,,,,,,JPX,ジェーピーエックス,,組織名
,,,,,,,日本証券取引所,二ホンショウケントリヒキジョ,,組織名
,,,,,,,AMI,アミ,,組織名
,,,,,,,なおこさん,ナオコサン,,人名
,,,,,,,今沢さん,イマサワサン,,人名
,,,,,,,小倉さん,オグラサン,,人名
,,,,,,,The Leading Nurse,リーディングナース,,製品名
,,,,,,,ジェニシス,ジェニシス,,組織名
,,,,,,,乗鞍,ノリクラ,,地名
,,,,,,,ゼロカーボンパーク,ゼロカーボンパーク,,その他
,,,,,,,FORESTRISE,フォレストライズ,,その他
,,,,,,,公益通報制度,コウエキツウホウセイド,,その他
,,,,,,,PCR検査キット,ピーシーアールケンサキット,,その他
,,,,,,,抗原検査キット,コウゲンケンサキット,,その他
,,,,,,,JCP,ジェーシーピー,,製品名
,,,,,,,SLA,エスエルエー,,製品名
,,,,,,,エンタープライズアジャイル,エンタープライズアジャイル,,その他
,,,,,,,PI Planning,ピーアイプランニング,,その他
,,,,,,,KPMG,ケーピーエムジー,,組織名
,,,,,,,ソフトバンクホークス,ソフトバンクホークス,,組織名
,,,,,,,玉木さん,タマキサン,,人名
,,,,,,,柏康生さん,カシワコウセイサン,,人名
,,,,,,,醍醐さん,ダイゴサン,,人名
,,,,,,,TDCソフト株式会社,ティーディーシーソフトカブシキガイシャ,,組織名
,,,,,,,経産省,ケイサンショウ,,組織名
,,,,,,,NFTコレクション,エヌエフティーコレクション,,組織名
,,,,,,,シフトベース,シフトベース,,組織名
,,,,,,,カルチュア・コンビニエンス・クラブ,カルチュア・コンビニエンス・クラブ,,組織名
,,,,,,,蔦屋,ツタヤ,,組織名
,,,,,,,Tポイント,ティーポイント,,その他
,,,,,,,シードラウンド,シードラウンド,,その他
,,,,,,,ITreview,アイティーレビュー,,製品名
,,,,,,,PPAP,ピーピーエーピー,,その他
,,,,,,,HENNGE,ヘンゲ,,製品名
,,,,,,,iPaaS,アイパース,,その他
,,,,,,,OpenLegacy,オープンレガシー,,組織名
,,,,,,,API,エーピーアイ,,その他
,,,,,,,R&D,アールアンドディー,,組織名
,,,,,,,iPad,アイパッド,,製品名
,,,,,,,Styleflow,スタイルフロー,,製品名
,,,,,,,帝国データバンク,テイコクデータバンク,,組織名
,,,,,,,NTTデータ,エヌティーティーデータ,,組織名
,,,,,,,優,ユウ,,人名
,,,,,,,Dell,デル,,組織名
,,,,,,,CADMAC,キャドマック,,製品名
,,,,,,,チャリンチャリンビジネス, チャリンチャリンビジネ,,その他
,,,,,,,パフォーマンスチャージ,パフォーマンスチャージ,,その他
,,,,,,,琉球銀行,リュウキュウギンコウ,,組織名
,,,,,,,株式会社佐野,カブシキガイシャサノ,,組織名
,,,,,,,共感の場,キョウカンノバ,,その他
,,,,,,,SOHO,ソーホー,,その他
,,,,,,,北川,キタガワ,,人名
,,,,,,,Xerox ,ゼロックス,,組織名
,,,,,,,フルリモート,フルリモート,,その他
,,,,,,,フルフレックス　,フルフレックス,,その他
,,,,,,,リモート,リモート,,その他
,,,,,,,スキーム,スキーム,,その他
,,,,,,,インクルード,インクルード,,その他
,,,,,,,フリーワーク,フリーワーク,,その他
,,,,,,,非同期,ヒドーキ,,その他
,,,,,,,チャット,チャット,,その他
,,,,,,,最賃,サイチン,,その他
,,,,,,,コミットメント,コミットメント,,その他
,,,,,,,レンジ,レンジ,,その他
,,,,,,,ゼロイチ,ゼロイチ,,その他
,,,,,,,城北,ジョーホク,,地名
,,,,,,,北関東,キタカントー,,地名
,,,,,,,筑波,ツクバ,,地名
,,,,,,,高崎,タカサキ,,地名
,,,,,,,クラウド,クラウド,,その他
,,,,,,,福田,フクダ,,人名
,,,,,,,高山,タカヤマ,,人名
,,,,,,,千葉,チチバ,,地名
,,,,,,,京葉,ケイヨー,,地名
,,,,,,,佐野,サノ,,人名
,,,,,,,Excel,エクセル,,その他
,,,,,,,SES,エスイーエス,,その他
,,,,,,,セゾンファンデックス,セゾンファンデックス,,組織名
,,,,,,,PMP,ピーエムピー,,製品名
,,,,,,,三井リース,ミツイリース,,組織名
,,,,,,,OEM,オーイーエム,,その他
,,,,,,,城西,ジョーサイ,,地名
,,,,,,,五反田,ゴタンダ,,地名
,,,,,,,天王洲,テンノーズ,,地名
,,,,,,,ITコンサルタント,アイティーコンサルタント,,その他
,,,,,,,金子,カネコ,,人名
,,,,,,,茂木,モギ,,人名
,,,,,,,,コーチェット,,組織名
,,,,,,,労働基準法,ロードーキジュンホー,ロウドウキジュンホウ,その他
,,,,,,,バーンレート,バーンレート,,
,,,,,,,GREE,グリー,,その他
,,,,,,,ヨンナビ,ヨンナビ,,製品名
,,,,,,,Buyペイ,バイペイ,,組織名
,,,,,,,インキュベーション,インキュベーション,,その他
,,,,,,,フラクトン,フラクトン,,組織名
,,,,,,,MOLTS,モルツ,,組織名
,,,,,,,Yay!,イェイ,,その他
,,,,,,,石濱,イシハマ,,人名
,,,,,,,Bizseek,ビズシーク,,その他
,,,,,,,国立さん,コクリュウサン,,人名
,,,,,,,でりおてんちょー,デリオテンチョー,,人名
,,,,,,,セゾン情報システムズ,セゾンジョウホウシステムズ,,組織名
,,,,,,,シスコ,シスコ,,組織名
,,,,,,,DX推進,ディーエックススイシン,,その他
,,,,,,,上流工程,ジョウリュウコウテイ,,その他
,,,,,,,クレイドル,クレイドル,,組織名
,,,,,,,コムネット,コムネット,,組織名
,,,,,,,クエスト・ワン,クエストワン,,組織名
,,,,,,,Aster Network,アスターネットワーク,,製品名
,,,,,,,オアシス,オアシス,,組織名
,,,,,,,NYC,エヌワイシー,,地名
,,,,,,,テキサス,テキサス,,地名
,,,,,,,Tableau,タブロー,,その他
,,,,,,,BIツール,ビーアイツール,,その他
,,,,,,,DataSpider,データスパイダー,,その他
,,,,,,,WinActor,ウインアクター,,その他
,,,,,,,Fracton Ventures,フラクトンベンチャーズ,,組織名
,,,,,,,赤澤直樹,アカザワナオキ,,人名
,,,,,,,ネクストウェブキャピタル,ネクストウェブキャピタル,,組織名
,,,,,,,渡辺創太,ワタナベソウタ,,人名
,,,,,,,WIL,ウィル,,組織名
,,,,,,,bitbank,ビットバンク,,組織名
,,,,,,,阿久津,アクツ,,人名
,,,,,,,Toreru,トレル,,製品名
,,,,,,,デジタルガレージ社,デジタルガレージシャ,,組織名
,,,,,,,伊藤穣一,イトウジョウイチ,,人名
,,,,,,,PCR検査,ピーシーアールケンサ,,その他
,,,,,,,ウェブスリー,ウェブスリー,,その他
,,,,,,,UNCHAIN,アンチェーン,,その他
,,,,,,,虎ノ門ヒルズ,トラノモンヒルズ,,その他
,,,,,,,ウェブツー,ウェブツー,,その他
,,,,,,,ニトリ,ニトリ,,組織名
,,,,,,,２０２２,二―マルニ―二―,,その他
,,,,,,,ダップ,ダップ,,その他
,,,,,,,ディッセントラライズアプリケーション,ディッセントラライズアプリケーション,,その他
,,,,,,,BEYOND CAFE,ビヨンドカフェ,,組織名
,,,,,,,NNFT,エヌエフティー,,その他
,,,,,,,CIC Tokyo,シーアイシートーキョー,,組織名
,,,,,,,A３ポット,エーサンポット,,その他
,,,,,,,森ビル,モリビル,,組織名
,,,,,,,A４,エーヨン,,その他
,,,,,,,Polygon Hacker House,ポリゴンハッカーハウス,,その他
,,,,,,,HRリスト,エイチアールリスト,,その他
,,,,,,,PA,ピーエー,,その他
,,,,,,,Venture Café Tokyo,ベンチャーカフェトーキョー,ベンチャーカフェトウキョウ,組織名
,,,,,,,フラクトインキュベーション,フラクトインキュベーション,,その他
,,,,,,,BEYOND BAR＋,ビヨンドバープラス,ビヨンドバー,その他
,,,,,,,Ninja DAO,ニンジャダオ,,その他
,,,,,,,エヌビーエートップショット,エヌビーエートップショット,,その他
,,,,,,,LITALICO,リタリコ,,その他
,,,,,,,オーストラリア,オーストラリア,,地名
,,,,,,,鹿児島,カゴシマ,,地名
,,,,,,,レバレジーズ,レバレジーズ,,組織名
,,,,,,,クイック,クイック,,組織名
,,,,,,,JOBS CAMP,ジョブズキャンプ,,その他
,,,,,,,レバ,レバ,,組織名
,,,,,,,コロプラ,コロプラ,,組織名
,,,,,,,N高,エヌコウ,,組織名
,,,,,,,N高等学校,エヌコウトウガッコウ,,組織名
,,,,,,,シャンクス,シャンクス,,その他
,,,,,,,ヒグマ,ヒグマ,,その他
,,,,,,,ホームパス,ホームパス,,その他
,,,,,,,聖徳太子,ショウトクタイシ,,人名
,,,,,,,孫,ソン,,人名
,,,,,,,藤田,フジタ,,人名
,,,,,,,Dr.ヒルルク,ドクターヒルルク,,人名
,,,,,,,チョッパー,チョッパー,,人名
,,,,,,,プロトコロラボ,プロトコロラボ,,組織名
,,,,,,,ホットリンク,ホットリンク,,組織名
,,,,,,,ファイルコイン,ファイルコイン,,製品名
,,,,,,,ハンファ,ハンファ,,組織名
,,,,,,,アクセラレーター,アクセラレーター,,その他
,,,,,,,ConsenSys,コンセンシス,,組織名
,,,,,,,人材育成ラボ,ジンザイイクセーラボ,,製品名
,,,,,,,シックスシグマベンチャーズ,シックスシグマベンチャーズ,,組織名
,,,,,,,メタファクトリ―,メタファクトリー,,その他
,,,,,,,孫泰蔵,ソンタイゾー,,人名
,,,,,,,Mistletoe,ミスルトウ,,組織名
,,,,,,,孫正義,ソンマサヨシ,,人名
,,,,,,,インド,インド,,地名
,,,,,,, Woodstock ,ウッドストック,,組織名
,,,,,,,Sequoia India,セコイアインディア,,組織名
,,,,,,,Polygon Hacker House,ポリゴンハッカーハウス,,製品名
,,,,,,,マーティンセリグマン,マーティンセリグマン,,人名
,,,,,,,町田,マチダ,,地名
,,,,,,,ナイジェリア,ナイジェリア,,地名
,,,,,,,スイス,スイス,,地名
,,,,,,,韓国,カンコク,,地名
,,,,,,,LongHash Ventures,ロングハッシュベンチャーズ,,組織名
,,,,,,,Ethereum, イーサリアム,,製品名
,,,,,,,ロンドンハードフォーク,ロンドンハードフォーク,,その他
,,,,,,,イーサリアムファンデーション,イーサリアムファンデーション,,組織名
,,,,,,,ステーブルコイン,ステーブルコイン,,その他
,,,,,,,エヌジーシー,エヌジーシー,,組織名
,,,,,,,村上隆,ムラカミタカシ,,人名
,,,,,,,ConsenSys,コンセンシス,,組織名
,,,,,,,Fracton Ventures,フラクトンベンチャーズ,,組織名
,,,,,,,ギットコイン,ギットコイン,,その他
,,,,,,,ESNT,イーエスエヌティー,,組織名
,,,,,,,We can DAO it.,ウィーキャンダオイット,,その他
,,,,,,,DAO,ダオ,,組織名
,,,,,,,HanDAO,ハンダオ,,組織名
,,,,,,,LinksDAO,リンクスダオ,,組織名
,,,,,,,EmpireDAO,エンパイアダオ,,組織名
,,,,,,,クールキャッツ,クールキャッツ,,その他
,,,,,,,1K XVentures,ワンケイエックスベンチャーズ,,組織名
,,,,,,,NFTNYC,エヌエフティーエヌワイシー,,その他
,,,,,,,DeFi,ディーファイ,,その他
,,,,,,,Celo,セロ,,その他
,,,,,,,NEAR,ニア,,その他
,,,,,,,CORNER PRINTING,コーナープリンティング,,組織名
,,,,,,,世田谷区,セタガヤク,,地名
,,,,,,,代沢,ダイザワ,,地名
,,,,,,,ラクスル,ラクスル,,組織名
,,,,,,,PayPal,ペイパル,,組織名
,,,,,,,佐川,サガワ,,
,,,,,,,菅,カン,,人名
,,,,,,,オンリーストーリー,オンリーストーリー,,組織名
,,,,,,,DeepL,ディープエル,,その他
,,,,,,,キャリアリンク,キャリアリンク,,組織名
,,,,,,,Slido,スライドゥ,スライド,その他
,,,,,,,アストラスト,アストラスト,,組織名
,,,,,,,GameFi,ゲームファイ,,製品名
,,,,,,,伊藤園,イトーエン,イトウエン,組織名
,,,,,,,Red Bull,レッドブル,,製品名
,,,,,,,ドンキ,ドンキ,,その他
,,,,,,,Aster,アスター,,組織名
,,,,,,,ハッカソン,ハッカソン,,その他
,,,,,,,アグリゲーター,アグリゲーター,,その他
,,,,,,,うまい棒,ウマイボー,ウマイボウ,製品名
,,,,,,,アノニマス,アノニマス,,組織名
,,,,,,,GitHub,ギットハブ,,製品名
,,,,,,,新橋,シンバシ,,地名
,,,,,,,六本木,ロッポンギ,,地名
,,,,,,,サンシャイン60,サンシャインロクジュウ,,その他
,,,,,,,下北沢,シモキタザワ,シモキタ,地名
,,,,,,,秋梨,アキナシ,,製品名
,,,,,,,秋りんご,アキリンゴ,,製品名
,,,,,,,冬のみかん,フユノミカン,,製品名
,,,,,,,エンタープライズ・アジャイル,エンタープライズアジャイル,,その他
,,,,,,,キュレーションズ,キュレーションズ,,組織名
,,,,,,,ベンダーサービス,ベンダーサービス,,組織名
,,,,,,,セブンーイレブン,セブンイレブン,,組織名
,,,,,,,スマホ内線化,スマホナイセンカ,,その他
,,,,,,,UI,ユーアイ,ユーザーインターフェース,その他
,,,,,,,アロミクス,アロミクス,,組織名
,,,,,,,PMO,ピーエムオー,,その他
,,,,,,,ワークフロー,ワークフロー,,その他
,,,,,,,Styleflow,スタイルフロー,,製品名
,,,,,,,サントリー,サントリー,,組織名
,,,,,,,ハーベストループ,ハーベストループ,,その他
,,,,,,,TDC,ティーディーシー,,組織名
,,,,,,,チロルチョコ,チロルチョコ,,製品名
,,,,,,,VC,ブイシー,ベンチャーキャピタル,その他
,,,,,,,BUIDL　ASIA,ビルドアジア,,その他
,,,,,,,ETH　SEOUL,イーサソウル,,その他
,,,,,,,Protocol　Labs,プロトコルラボ,,組織名
,,,,,,,FileCoin,ファイルコイン,,その他
,,,,,,,Pro,プロ,,製品名
,,,,,,,Air,エア,,製品名
,,,,,,,ディップ株式会社,ディップカブシキガイシャ,,組織名
,,,,,,,Arrow Capital,アローキャピタル,,組織名
,,,,,,,Klayton,クレイトン,,その他
,,,,,,,グローバルデイ,グローバルデイ,,その他
,,,,,,,森タワー,モリタワー,,その他
,,,,,,,ADMリスト,エーディーエムリスト,,その他
,,,,,,,The Blockcrunch Podcast,ブロッククランチポッドキャスト,,組織名
,,,,,,,日本メディカル,二ホンメディカル,,組織名
,,,,,,,虎ノ門ヒルズ駅,トラノモンヒルズエキ,,その他
,,,,,,,ラクスパートナーズ,ラクスパートナーズ,,組織名
,,,,,,,アビタシオン,アビタシオン,,組織名
,,,,,,,oneICHI,ワンイチ,,その他
,,,,,,,Gnosis,ノーシス,,その他
,,,,,,,B2B,バックトゥベーシックス,,その他
,,,,,,,ディードス攻撃,ディードスコウゲキ,,その他
,,,,,,,いぶりがっこ,イブリガッコ,,製品名
,,,,,,,白州,ハクシュー,,製品名
,,,,,,,ソウルトゥソウル,ソウルトゥソウル,,その他
,,,,,,,ミニマリスト,ミニマリスト,,その他
,,,,,,,スティーブ・ジョブズ,スティーブジョブズ,,人名
,,,,,,,イッセイ ミヤケ,イッセーミヤケ,,人名
,,,,,,,サンビー,サンビー,,組織名
,,,,,,,ツール・ド・フランス,ツールドフランス,,その他
,,,,,,,オリンピック,オリンピック,,その他
,,,,,,,Vivino,ヴィヴィーノ,,製品名
,,,,,,,LEGO,レゴ,,組織名
,,,,,,,宇治産業イースト株式会社,ウジサンギョウイーストカブシキガイシャ,,組織名
,,,,,,,合同会社ライドオン,ゴウドウガイシャライドオン,,組織名
,,,,,,,スマートビルディング,スマートビルディング,,その他
,,,,,,,チラCEO,チラシーイーオー,,製品名
,,,,,,,ニューラルネットワーク,ニューラルネットワーク,,その他
,,,,,,,ジーピーユー,ジーピーユー,,その他
,,,,,,,カグル,カグル,,その他
,,,,,,,Blocto Wallet,ブロクトウオレット,,製品名
,,,,,,,バンガロール,バンガロール,,地名
,,,,,,,フォトシンス,フォトシンス,,組織名
,,,,,,,KBW,ケービーダブリュー,,組織名
,,,,,,,SLSV,エスエルエスブイ,,その他
,,,,,,,マルウェア,マルウェア,,その他
,,,,,,,特徴量,トクチョウリョウ,,その他
,,,,,,,三井不動産,ミツイフドウサン,,組織名
,,,,,,,尼崎,アマガサキ,,地名
,,,,,,,Apple Watch,アップルウォッチ,,製品名
,,,,,,,エイチアンドエム,エイチアンドエム,,組織名
,,,,,,,URL鍵,ユーアールエルカギ,,その他
,,,,,,,KING OF TIME,キングオブタイム,,製品名
,,,,,,,ACALL,アコール,,製品名
,,,,,,,KDDI,ケーディーディーアイ,,組織名
,,,,,,,山崎木材,ヤマザキモクザイ,,組織名
,,,,,,,魔法のリノベ,マホウノリノベ,,製品名
,,,,,,,赤松,アカマツ,,組織名
,,,,,,,末永建設,スエナガケンセツ,,組織名
,,,,,,,丸明建設,マルメイケンセツ,マルメーケンセツ,組織名
,,,,,,,ディーンフジオカ,ディーンフジオカ,,人名
,,,,,,,塚本建設,ツカモトケンセツ,,組織名
,,,,,,,ティーガイア,ティーガイア,,組織名
,,,,,,,リセア,リセア,,製品名
,,,,,,,Contrex,コントレックス,,製品名
,,,,,,,ミーストア　,ミーストア,,
,,,,,,,津山建設,ツヤマケンセツ,,組織名
,,,,,,,GEM by moto,ヨシダソクリョウ,ヨシダソクリョー,組織名
,,,,,,,千葉麻里絵,チバマリエ,,人名
,,,,,,,おいしさの錯覚,オイシサノサッカク,,製品名
,,,,,,,メイド喫茶,メイドキッサ,,その他
,,,,,,,IDS,アイディーエス,,組織名
,,,,,,,ハロー効果,ハローコーカ,,その他
,,,,,,,シルバー産業新聞,シルバーサンギョウシンブン,,製品名
,,,,,,,富士通パーソナルズ,フジツウパーソナルズ,,組織名
,,,,,,,一般社団法人MEAS,イッパンシャダンホウジンミース,,組織名
,,,,,,,角ハイボール,カクハイボール,,製品名
,,,,,,,セコム,セコム,,組織名
,,,,,,,角瓶,カクビン,,製品名
,,,,,,,フランス,フランス,,地名
,,,,,,,ニュージーランド,ニュージーランド,,地名
,,,,,,,ORBIS,オルビス,,組織名
,,,,,,,資生堂,シセイドー,,組織名
,,,,,,,カネボウ,カネボー,,組織名
,,,,,,,ユニボ,ユニボ,,製品名
,,,,,,,富士通,フジツウ,,組織名
,,,,,,,グリコ,グリコ,,組織名
,,,,,,,敷島電機,シキシマデンキ,,組織名
,,,,,,,敷島機器,シキシマキキ,,組織名
,,,,,,,三葉化工,サンヨウカコウ,サンヨーカコー,組織名
,,,,,,,BTG,ビーティージー,,その他
,,,,,,,鈴木コンペ,スズキコンペ,,組織名
,,,,,,,翔栄クリエイト,ショウエイクリエイト,,組織名
,,,,,,,シーテック,シーテック,,組織名
,,,,,,,中電,チュウデン,チューデン,チューデン
,,,,,,,アドバンテック,アドバンテック,,組織名
,,,,,,,徳洲会,トクシュウカイ,,組織名
,,,,,,,開閉所,カイヘイショ,カイヘ―ショ,その他
,,,,,,,中部電力パワーグリッド,チュウブデンリョクパワーグリッド,チューブデンリョクパワーグリッド,組織名
,,,,,,,グランドレベル,グランドレベル,,その他
,,,,,,,ダイキアクシス,ダイキアクシス,,組織名
,,,,,,,チャリンチャリンビジネス,チャリンチャリンビジネス,,その他
,,,,,,,久万広域森林組合,クマコウイキシンリンクミアイ,,組織名
,,,,,,,イクサー,イクサー,,組織名
,,,,,,,浜松,ハママツ,,地名
,,,,,,,NTTコミュニケーションズ,エヌティーティーコミュニケーションズ,,組織名
,,,,,,,ファイナンス・クローズ,ファイナンス・クローズ,,その他
,,,,,,,エスティローダー,エスティローダー,,製品名
,,,,,,, S'UIMIN,スイミン,,組織名
,,,,,,,O&M,オーアンドエム,,その他
,,,,,,,系統連系,ケイトウレンケイ,,その他
,,,,,,,OPEX,オペックス,,その他
,,,,,,,アルベルトアインシュタイン,アルベルトアインシュタイン,,人名
,,,,,,,農振除外,ノウシンジョガイ,ノーシンジョガイ,その他
,,,,,,,田崎真也,タザキシンヤ,,人名
,,,,,,,バーミヤン,バーミヤン,,組織名
,,,,,,,アロマビット,アロマビット,,組織名
,,,,,,,イオンアグリ創造,イオンアグリソウゾウ,,組織名
,,,,,,,チクマクス,チクマクス,,組織名
,,,,,,,旭川市,アサヒカワ,,地名
,,,,,,,神奈川県,カナガワ,,地名
,,,,,,,横浜・八景島シーパラダイス,ヨコハマハッケージマシーパラダイス,,地名
,,,,,,,金沢区,カナザワク,,地名
,,,,,,,関東学院大学,カントーガクインダイガク,,組織名
,,,,,,,金沢八景,カナザワハッケー,,地名
,,,,,,,関内,カンナイ,,地名
,,,,,,,小田原,オダワラ,,地名
,,,,,,,京浜東北線,ケーヒントーホクセン,,その他
,,,,,,,"SIG Japan, LLC",エスアイジージャパン,,組織名
,,,,,,,Susquehanna International Group,スクエハナインターナショナルグループ,,組織名
,,,,,,,青梅,オウメ,,地名
,,,,,,,インフォコム,インフォコム,,組織名
,,,,,,,クローリング,クローリング,,その他
,,,,,,,様式9,ヨウシキキュー,ヨウシキキュウ,製品名
,,,,,,,厚生省,コウセイショウ,,組織名
,,,,,,,カーボンフューチャー,カーボンフューチャー,,製品名
,,,,,,,デジタルノマド,デジタルノマド,,その他
,,,,,,,QUOカード,クオカード,,製品名
,,,,,,,大成建設,タイセイケンセツ,,組織名
,,,,,,,LLinear,リニア,,その他
,,,,,,,多摩,タマ,,地名
,,,,,,,昭島,アキシマ,,地名
,,,,,,,町田,マチダ,,地名
,,,,,,,東久留米,ヒガシクルメ,,地名
,,,,,,,大成ロテック,タイセイロテック,,組織名
,,,,,,,ツヤマ,ツヤマ,,組織名
,,,,,,,Haun Ventures,ハウン・ベンチャーズ,,組織名
,,,,,,,Chris,クリス,,人名
,,,,,,,sCBDC,エスシービーディーシー,,その他
,,,,,,,PCA,ピーシーエー,,その他
,,,,,,,檜原村,ヒノハラムラ,,地名
,,,,,,,楢原,ナラハラ,,地名
,,,,,,,ピクトグラム,ピクトグラム,,その他
,,,,,,,太平電業,タイヘイテンギョウ,,組織名
,,,,,,,マテラン,マテラン,,組織名
,,,,,,,三井住友銀行,ミツイスミトモギンコウ,,組織名
,,,,,,,バイオリファイナリー,バイオリファイナリー,,その他
,,,,,,,ARES,アレス,,組織名
,,,,,,,3M,スリーエム,,組織名
,,,,,,,富士興業,フジコウギョウ,フジコーギョー,組織名
,,,,,,,ディスハウス,ディスハウス,,組織名
,,,,,,,エフイー,エフイー,,組織名
,,,,,,,日本フォレスト,二ホンフォレスト,,組織名
,,,,,,,インテグラル錠,インテグラルジョウ,,その他
,,,,,,,セヤマ,セヤマ,,組織名
,,,,,,,ファミコン,ファミコン,,製品名
,,,,,,,フォレストエナジー,フォレストエナジー,,組織名
,,,,,,,新建ハウジング,シンケンハウジング,,組織名
,,,,,,,F.E,エフイー,,組織名
,,,,,,,プロディアイス,プロディアイス,,組織名
,,,,,,,YOUTRUST,ユートラスト,,組織名
,,,,,,,SPC,エスピーシー,,組織名
,,,,,,,グリー,グリー,,組織名
,,,,,,,ウォンテッドリー,ウォンテッドリー,,組織名
,,,,,,,ワークポート,ワークポート,,組織名
,,,,,,,レンダー,レンダー,,組織名
,,,,,,,zenna,ゼンナ,,組織名
,,,,,,,e-Rad,エラッド,,その他
,,,,,,,栃木信用金庫,トチギシンヨウキンコ,,組織名
,,,,,,,interviewz,サンビ,,製品名
,,,,,,,ENS,イーエヌエス,,その他
,,,,,,,真さん,マコトサン,,人名
,,,,,,,イーサリアムファンデーション,イーサリアムファンデーション,,組織名
,,,,,,,宮口あや,ミヤグチアヤ,,人名
,,,,,,,ギットコイン,ギットコイン,,組織名
,,,,,,,UXD,ユーエックスディー,,組織名
,,,,,,,ポルカドット,ポルカドット,,その他
,,,,,,,創太君,ソウタクン,,人名
,,,,,,,,,,組織名
,,,,,,,Laravel,ララベル,,その他
,,,,,,,Solana,ソラナ,,その他
,,,,,,,イーサ,イーサ,,その他
,,,,,,,ティア,ティア,,その他
,,,,,,,サービスカオスマップ,サービスカオスマップ,,その他
,,,,,,,Daeu,テウ,,組織名
,,,,,,,マイクロモビリティ,マイクロモビリティ,,製品名
,,,,,,,SpaceDAO,スペースダオ,,組織名
,,,,,,,Superfluid,スーパーフルード,,組織名
,,,,,,,林野庁,リンヤチョウ,リンヤチョー,組織名
,,,,,,,グリーンフィールド,グリーンフィールド,,組織名
,,,,,,,メタウエブ,メタウエブ,,組織名
,,,,,,,AWS,エーダブリューエス,,その他
,,,,,,,国土利用計画法　,コクドリヨウケイカクホウ,コクドリヨーケイカクホー,その他
,,,,,,,黒石,クロイシ,,地名
,,,,,,,山崎,ヤマザキ,,組織名
,,,,,,,森林管理局,シンリンカンリキョク,,組織名
,,,,,,,森林管理署,シンリンカンリショ,,組織名
,,,,,,,吉田測量,ヨシダソクリョウ,ヨシダソクリョー,組織名
,,,,,,,ジザイエ,ジザイエ,,組織名
,,,,,,,エスケアデザイン,エスケアデザイン,,組織名
,,,,,,,01テクノロジーズ,ゼロイチテクノロジーズ,,組織名
,,,,,,,ゼロイチラボ,ゼロイチラボ,,組織名
,,,,,,,VPoE,ブイピーオーイー,,その他
,,,,,,,松本峻,マツモトリョウ,,人名
,,,,,,,10X,テンエックス,,組織名
,,,,,,,LayerX,レイヤーエックス,,組織名
,,,,,,,ゆめみ,ユメミ,,組織名
,,,,,,,エクサウィザーズ,エクサウィザーズ,,組織名
,,,,,,,アンドパッド,アンドパッド,,組織名
,,,,,,,ビービット,ビービット,,組織名
,,,,,,,OriHime,オリヒメ,,製品名
,,,,,,,Dawncafe,ドーンカフェ,,組織名
,,,,,,,ガスト,ガスト,,組織名
,,,,,,,みなとみらい,みなとみらい,,地名
,,,,,,,神奈川大学,神奈川大学,,組織名
,,,,,,,教育職員免許状,キョーインショクインメンキョジョー,,その他
,,,,,,,Sales Video Analytics,セールスビデオアナリティクス,,製品名
,,,,,,,千葉経済大学,チバケーザイダイガク,,組織名
,,,,,,,千葉経済学園,チバケーザイガクエン,,組織名
,,,,,,,ストーリーズ,ストーリーズ,,組織名
,,,,,,,ウィルオブ・ワーク,ウィルオブワーク,,組織名
,,,,,,,USTV,ユーエスティーヴィー,,組織名
,,,,,,,satori株式会社,サトリカブシキガイシャ,,組織名
,,,,,,,植山浩介,ウエヤマコースケ,,人名
,,,,,,,Investment DAO,インベストメントダオ,,組織名
,,,,,,,Decrypt,デクリプト,,組織名
,,,,,,,Inazuma Capital,イナズマキャピタル,,組織名
,,,,,,,シーエヌピー,シーエヌピー,,組織名
,,,,,,,イケハヤ,イケハヤ,,人名
,,,,,,,スタークネット,スタークネット,,その他
,,,,,,,DX推進,ディーエックススイシン,,その他
,,,,,,,池袋,イケブクロ,,地名
,,,,,,,旭川大学,アサヒカワダイガク,,組織名
,,,,,,,ディーファイエコシステム,ディーファイエコシステム,,その他
,,,,,,,トルネードキャッシュ,トルネードキャッシュ,,その他
,,,,,,,OPEN8,オープンエイト,,組織名
,,,,,,,西日本,ニシニホン,,その他
,,,,,,,Wikipedia,ウィキペディア,,その他
,,,,,,,ServiceNow,サービスナウ,,その他
,,,,,,,Microsoft,マイクロソフト,,組織名
,,,,,,,サイボウズ,サイボウズ,,製品名
,,,,,,,京都大学,キョートダイガク,,組織名
,,,,,,,ME,エムイー,,その他
,,,,,,,Garoon,ガルーン,,製品名
,,,,,,,Microsoft365,マイクロソフトサンロクゴ,,製品名
,,,,,,,SharePoint,シェアポイント,,製品名
,,,,,,,AON,エーオン,,組織名
,,,,,,,4G,フォージー,,その他
,,,,,,,チェンジドットオルグ,チェンジドットオルグ,,その他
,,,,,,,ファセブ,ファセブ,,地名
,,,,,,,USDC,ユーエスディーシー,,その他
,,,,,,,USDT,ユーエスディーティー,,その他
,,,,,,,Shop Now,ショップナウ,,その他
,,,,,,,SIer,エスアイヤー,,その他
,,,,,,,Thether,テザー,,組織名
,,,,,,,DYDX, ディーワイディーエックス,,組織名
,,,,,,,CIrcle,サークル,,組織名
,,,,,,,リソース,リソース,,その他
,,,,,,,データ東北,データ東北,,組織名
,,,,,,,青森銀行,,,組織名
,,,,,,,Chainalysis,チェイナリシス,,組織名
,,,,,,,ステーブルコイン,ステーブルコイン,,その他
,,,,,,,CLIFF,クリフ,,その他
,,,,,,,TikTok,ティックトック,,製品名
,,,,,,,Coin Center,コインセンター,,組織名
,,,,,,,フレッツ光,フレッツヒカリ,,製品名
,,,,,,,ソフトバンク光,ソフトバンクヒカリ,,製品名
,,,,,,,ビジモ光,ビジモヒカリ,,製品名
,,,,,,,BizAir,ビズエアー,,製品名
,,,,,,,Open Sea,オープンシー,,その他
,,,,,,,プロパンガス,プロパンガス,,組織名
,,,,,,,Uniswap,ユニスワップ,,その他
,,,,,,,Wolt,ウォルト,,組織名
,,,,,,,どうぶつでんき,ドウブツデンキ,,組織名
,,,,,,,シナジーマーケティング,シナジーマーケティング,,組織名
,,,,,,,Lazarus,ラザルス,,組織名
,,,,,,,網屋,アミヤ,,組織名
,,,,,,,アクシ―ブロックチェーン,アクシ―ブロックチェーン,,その他
,,,,,,,大手町,オオテマチ,,地名
,,,,,,,ケイパビリティ,ケイパビリティ,,その他
,,,,,,,アシスト,アシスト,,組織名
,,,,,,,Dojo,ドージョー,,製品名
,,,,,,,Smooth File,スムースファイル,,製品名
,,,,,,,而今,ジコン,,製品名
,,,,,,,新政,アラマサ,,製品名
,,,,,,,悦凱陣,ヨロコビガイジン,,製品名
,,,,,,,セーフィ,セーフィ,,組織名
,,,,,,,Chromebook,クロームブック,,製品名
,,,,,,,UI銀行,ユーアイギンコウ,,組織名
,,,,,,,シーエンス,シーエンス,,組織名
,,,,,,,ICT教育,アイシーティーキョーイク,,その他
,,,,,,,センチュリー,センチュリー,,組織名
,,,,,,,QA,キューエー,,その他
,,,,,,,コミレター,コミレター,,その他
,,,,,,,CP,シーピー,,その他
,,,,,,,アレンジメントフィー,アレンジメントフィー,,その他
,,,,,,,M365,エムサンロクゴ,,製品名
,,,,,,,M&A,エムアンドエー,,その他
,,,,,,,BM,ビーエム,,その他
,,,,,,,日清食品,ニッシンショクヒン,,組織名
,,,,,,,インファスト,インファスト,,組織名
,,,,,,,IWC,アイダブルシー,,組織名
,,,,,,,エン・ジャパン,エンジャパン,,組織名
,,,,,,,東京海上日動,トーキョーカイジョーニチドー,,組織名
,,,,,,,TC,ティーシー,トウキョウセンチュリー,組織名
,,,,,,,アイタスクラウド,アイタスクラウド,,製品名
,,,,,,,中部電力,チュウブデンリョク,チューブデンリョク,組織名
,,,,,,,SA,エスエー,,組織名
,,,,,,,DS&C,ディーエスアンドシー,,組織名
,,,,,,,ＡＭ　,エーエム,アセットマネジメント,その他
,,,,,,,新生堂薬局,シンセイドウヤッキョク,シンセイドーヤッキョク,組織名
,,,,,,,そうすけ,ソウスケ,,人名
,,,,,,,青汁王子,アオジルオウジ,,人名
,,,,,,,メロン,メロン,,組織名
,,,,,,,SSA,エスエスエー,,組織名
,,,,,,,HCA,エイチシーエー,エッチシーエー,組織名
,,,,,,,DEX,ダックス,,その他
,,,,,,,SHA,エスエイチエー,エスエッチエー,その他
,,,,,,,静ガス,シズガス,,組織名
,,,,,,,KYC,ケイワイシー,,その他
,,,,,,,封神演義,ホウシンエンギ,,その他
,,,,,,,太公望,タイコウボウ,,人名
,,,,,,,INFORICH,インフォリッチ,,組織名
,,,,,,,nene,ネネ,,組織名
,,,,,,,御前崎,オマエザキ,,地名
,,,,,,,バイオマス発電,バイオマスハツデン,,その他
,,,,,,,ウルマップ,ウルマップ,,組織名
,,,,,,,リンクス,リンクス,,組織名
,,,,,,,Maple　Finance,メープルファイナンス,,組織名
,,,,,,,Goldfinch,ゴールドフィンシュ,,組織名
,,,,,,,オンリーストーリー,オンリーストーリー,,組織名
,,,,,,,Cephei,セファイ,,その他
,,,,,,,FTX,エフティーエックス,,その他
,,,,,,,千総建,チソーケン,チソウケン,組織名
,,,,,,,プロファイ,プロファイ,,その他
,,,,,,,ランニング学会,ランニングガッカイ,,組織名
,,,,,,,認定ランニング指導員,ニンテイランニングシドウイン,ニンテーランニングシド―イン,その他
,,,,,,,あしぎん総研,アシギンソウケン,,組織名
,,,,,,,Messenger,メッセンジャー,,その他
,,,,,,,シンクタンク,シンクタンク,,組織名
,,,,,,,ポートフォリオ,ポートフォリオ,,その他
,,,,,,,MBM,エムビーエム,,その他
,,,,,,,フォトマップ,フォトマップ,,その他
,,,,,,,オルフェ,オルフェ,,組織名
,,,,,,,エスアイ総研,エスアイソウケン,,組織名
,,,,,,,ビュルガーコンサルティング,ビュルガー,,組織名
,,,,,,,スポーツ医学,スポーツイガク,,その他
,,,,,,,日本陸連,二ホンリクレン,,組織名
,,,,,,,セカンドウインド,セカンドウインド,,その他
,,,,,,,ランナーズハイ,ランナーズハイ,,その他
,,,,,,,ドーパミン,ドーパミン,,その他
,,,,,,,オリンピック,オリンピック,,その他
,,,,,,,パラリンピック,パラリンピック,,その他
,,,,,,,)陸上競技連盟,リクジョウキョウギレンメイ,リクジョーキョーギレンメー,組織名
,,,,,,,ITMS,アイティーエムエス,,その他
,,,,,,,DDC,ディーディーシー,,その他
,,,,,,,ITSM,アイティーエスエム,,その他
,,,,,,,インプリメンテーション,インプリ,,その他
,,,,,,,クレプトマニア,クレプトマニア,,その他
,,,,,,,摂食障害,セッショクショウガイ,セッショクショーガイ,その他
,,,,,,,エラスティック,エラスティック,,その他
,,,,,,,splunk,スプランク,,組織名
,,,,,,,ビッグデータ,ビッグデータ,,その他
,,,,,,,MylogStar,マイログスター,ログスター,製品名
,,,,,,,ランナーズ,ランナーズ,,製品名
,,,,,,,MUFG,エムユーエフジー,,組織名
,,,,,,,上野輸送,ウエノユソー,,組織名
,,,,,,,協和建設工業,キョーワケンセツコーギョー,,組織名
,,,,,,,トヨタ,トヨタ,,組織名
,,,,,,,マラソン,マラソン,,その他
,,,,,,,合食,ゴーショク,,組織名
,,,,,,,プラットフォーム,プラットフォーム,,その他
,,,,,,,不満ファインダー,フマンファインダー,,製品名
,,,,,,,DIC,ディーアイシー,,組織名
,,,,,,,神戸市,コーベシ,,地名
,,,,,,,アーバンイノベーション神戸,アーバンイノベーションコーベ,,その他
,,,,,,,神戸市役所,コーベシヤクショ,,組織名
,,,,,,,Snowflake,スノーフレーク,,組織名
,,,,,,,アイタスクラウド,アイタスクラウド,,製品名
,,,,,,,Fuman Platfrom,フマンプラットフォーム,,製品名
,,,,,,,ウエルシア,ウエルシア,,組織名
,,,,,,,キラーコンテンツ,キラーコンテンツ,,その他
,,,,,,,月刊陸上競技,ゲッカンリクジョウキョウギ,ゲッカンリクジョーキョーギ,製品名
,,,,,,,陸上競技マガジン,リクジョウキョウギマガジン,リクジョーキョーギマガジン,製品名
,,,,,,,千葉工業大学,チバコウギョウダイガク,チバコウ,組織名
,,,,,,,マックスバリュ東海,マックスバリュトーカイ,,組織名
,,,,,,,ホノルル,ホノルル,,地名
,,,,,,,デジプロ,デジプロ,,組織名
,,,,,,,味の素,アジノモト,,組織名
,,,,,,,コロラド,コロラド,,地名
,,,,,,,村松達也,ムラマツタツヤ,,人名
,,,,,,,iroots,アイルーツ,,組織名
,,,,,,,ハワイ,ハワイ,,地名
,,,,,,,新潟,ニイガタ,ニーガタ,地名
,,,,,,,Honda,ホンダ,,組織名
,,,,,,,善光寺,ゼンコウジ,ぜんこーじ,その他
,,,,,,,BCC,ビーシーシー,,組織名
,,,,,,,勤革時,キンカクジ,,製品名
,,,,,,,キングオブタイム,キングオブタイム,,製品名
,,,,,,,ブラックロック,ブラックロック,,組織名
,,,,,,,Notion,ノーション,,製品名
,,,,,,,休眠リード,休眠リード,,その他
,,,,,,,VTI,ヴィティアイ,,その他
,,,,,,,Alchemy,アルケミー,,組織名
,,,,,,,イロドリ,イロドリ,,組織名
,,,,,,,RPC,アールピーシー,,その他
,,,,,,,DOX,ドックス,,その他
,,,,,,,CV,シーブイ,,その他
,,,,,,,PocketZwork,ポケットゼットワーク,,その他
,,,,,,,ケットネットワークドットインク,ケットネットワークドットインク,,組織名
,,,,,,,レべシェア,レべシェア,,その他
,,,,,,,Winny,ウィニー,,組織名
,,,,,,,金子勇,カネコイサム,,人名
,,,,,,,HEART CLOSET,ハートクローゼット,,組織名
,,,,,,,村上臣,ムラカミシン,,人名
,,,,,,,NewsPicks,ニュースピックス,,組織名
,,,,,,,ISOG,アイエスオージー,,組織名
,,,,,,,イーサップラボ,イーサップラボ,,組織名
,,,,,,,Player!,プレイヤー,,製品名
,,,,,,,Compound Labs,コンパウンドラボ,,組織名
,,,,,,,名古屋高校,ナゴヤコウコウ,,組織名
,,,,,,,青森山田,アオモリヤマダ,,組織名
,,,,,,,青森山田高等学校,アオモリヤマダコウトウガッコウ,,組織名
,,,,,,,Aave,アーベ,,その他
,,,,,,,Aave Arc,アーベアーク,,その他
,,,,,,,ホワイトラベル,ホワイトラベル,,その他
,,,,,,,ONE-INCH,ワンインチ,,組織名
,,,,,,,SEC,エスイーシー,,組織名
,,,,,,,CoDMON,コドモン,,製品名
,,,,,,,FC.ISE-SHIMA,エフシーイセシマ,,組織名
,,,,,,,Liquity,リクイティ,,その他
,,,,,,,USTC,ユーエスティーシー,,その他
,,,,,,,リスティング,リスティング,,その他
,,,,,,,ヴェルスパ大分,ヴェルスパオオイタ,,組織名
,,,,,,,JFL,ジェーエフエル,ジェイエフエル,組織名
,,,,,,,P2P,ピーツーピー,,その他
,,,,,,,GKLine,ジーケーライン,,組織名
,,,,,,,柴崎岳,シバサキガク,,人名
,,,,,,,ユニバーサル・スタジオ・ジャパン,ユニバーサルスタジオジャパン,ユーエスジェイ,組織名
,,,,,,,鹿児島レブナイズ,カゴシマレブナイズ,,組織名
,,,,,,, UPSIDER,アップサイダー,,組織名
,,,,,,,Meety,ミーティー,,組織名
,,,,,,,習志野,ナラシノ,,地名
,,,,,,,奈良高校,ナラコウコウ,,組織名
,,,,,,,バリューアップ,バリューアップ,,組織名
,,,,,,,ヤマト運輸,ヤマトウンユ,,組織名
,,,,,,,佐川急便,サガワキュービン,,組織名
,,,,,,,日本郵政,ニッポンユーセー,,組織名
,,,,,,,TODOCU,トドク,,製品名
,,,,,,,トドクサポーター,トドクサポーター,,製品名
,,,,,,,シスコ,シスコ,,組織名
,,,,,,,TDC,ティーディーシー,,組織名
,,,,,,,小林製薬,コバヤシセイヤク,,組織名
,,,,,,,メディカルノート,メディカルノート,,組織名
,,,,,,,Monero,モネロ,,その他
,,,,,,,NTTデータNCB,エヌティーティーデータエヌシービー,,組織名
,,,,,,,ESDSA,イーシーディーエスエー,,その他
,,,,,,,RSA,アールエスエー,,その他
,,,,,,,西日本シティ銀行,ニシニホンシティギンコウ,,組織名
,,,,,,,エクセルエンジニアリング,エクセルエンジニアリング,,組織名
,,,,,,,NewsTV,ニュースティービー,,組織名
,,,,,,,docoですcar,ドコデスカー,,製品名
,,,,,,,ベクトル,ベクトル,,組織名
,,,,,,,Gビズ,ギガビズ,,その他
,,,,,,,サイバーエージェント,サイバーエージェント,,組織名
,,,,,,,みまもーる,ミマモール,,製品名
,,,,,,,高松事業所,タカマツジギョウショ,,組織名
,,,,,,,長野事業所,ナガノジギョウショ,,組織名
,,,,,,,マージン,マージン,,その他
,,,,,,,ニッポン高度紙工業,ニッポンコウドシコウギョウ,,組織名
,,,,,,,アルプスシステムインテグレーション,アルシー,,組織名
,,,,,,,IC DeFi,アイシーディファイ,,その他
,,,,,,,Dev,デブ,,その他
,,,,,,,Axie,アクシー,,その他
,,,,,,,Aztec,アズテック,,組織名
,,,,,,,Hudson,ハドソン,,人名
,,,,,,,RRAI,ライ,,その他
,,,,,,,EB,イービー,,その他
,,,,,,,Reflexer,リフリクサー,,その他
,,,,,,,TODOCUクラウド,トドククラウド,,製品名
,,,,,,,エコ配,エコハイ,,組織名
,,,,,,,届く便,トドクビン,,製品名
,,,,,,,平和テクノシステム,ヘイワテクノシステム,,組織名
,,,,,,,昭栄物流,,,組織名
,,,,,,,みちのく銀行,ミチノクギンコウ,,組織名
,,,,,,,Styleflow,スタイルフロー,,製品名
,,,,,,,Yuiコール,ユイコール,,製品名
,,,,,,,SATORI,サトリ,,組織名
,,,,,,,Trustpro,トラストプロ,,製品名
,,,,,,,パラマウントベッド,パラマウントベッド,,組織名
,,,,,,,香港,ホンコン,,地名
,,,,,,,高柳 慎也,タカヤナギシンヤ,,人名
,,,,,,,207,ニーマルナナ,,組織名
,,,,,,,日清紡ホールディングス,ニッシンボウホールディングス,ニッシンボー,組織名
,,,,,,,RFルーカス,アールエフルーカス,,組織名